{
	"__comment": "Designed by Instantout with Cubik Studio.",
	"textures": {
		"particle": "blocks/lucky_block_still",
		"texture": "blocks/lucky_block_still"
	},
	"elements": [ 	 
		{
			"from": [ 0.9999108, 0.9991258, 1.000828 ],
			"to": [ 14.99991, 14.99913, 15.00083 ],
			"faces": {
				"down": { "uv": [ 1.01, 1.01, 14.99, 14.99 ], "texture": "#texture", "cullface": "down" },
				"up": { "uv": [ 1.01, 1.01, 14.99, 14.99 ], "texture": "#texture", "cullface": "up" },
				"north": { "uv": [ 1.01, 1.01, 14.99, 14.99 ], "texture": "#texture", "cullface": "north" },
				"south": { "uv": [ 1.01, 1.01, 14.99, 14.99 ], "texture": "#texture", "cullface": "south" },
				"west": { "uv": [ 1.01, 1.01, 14.99, 14.99 ], "texture": "#texture", "cullface": "west" },
				"east": { "uv": [ 1.01, 1.01, 14.99, 14.99 ], "texture": "#texture", "cullface": "east" }
			}
		},
		{
			"from": [ 0, 0, 0 ],
			"to": [ 1, 16, 1 ],
			"faces": {
				"down": { "uv": [ 0.01, 15.01, 0.99, 15.99 ], "texture": "#texture", "cullface": "down" },
				"up": { "uv": [ 0.01, 0.01, 0.99, 0.99 ], "texture": "#texture", "cullface": "up" },
				"north": { "uv": [ 0.99, 0.01, 0.00999999, 15.99 ], "texture": "#texture", "cullface": "north" },
				"south": { "uv": [ 0.01, 0.01, 0.99, 15.99 ], "texture": "#texture" },
				"west": { "uv": [ 0.01, 0.01, 0.99, 15.99 ], "texture": "#texture", "cullface": "west" },
				"east": { "uv": [ 0.99, 0.01, 0.00999999, 15.99 ], "texture": "#texture" }
			}
		},
		{
			"from": [ -0.000992936, -0.000435751, 14.99917 ],
			"to": [ 0.999007, 15.99956, 15.99917 ],
			"faces": {
				"down": { "uv": [ 0.01, 0.01, 0.99, 0.99 ], "texture": "#texture", "cullface": "down" },
				"up": { "uv": [ 0.01, 15.01, 0.99, 15.99 ], "texture": "#texture", "cullface": "up" },
				"north": { "uv": [ 0.99, 0.01, 0.00999999, 15.99 ], "texture": "#texture" },
				"south": { "uv": [ 0.01, 0.01, 0.99, 15.99 ], "texture": "#texture", "cullface": "south" },
				"west": { "uv": [ 15.01, 0.01, 15.99, 15.99 ], "texture": "#texture", "cullface": "west" },
				"east": { "uv": [ 15.99, 0.01, 15.01, 15.99 ], "texture": "#texture" }
			}
		},
		{
			"from": [ 15.00095, 0.000088996, 0.000221073 ],
			"to": [ 16.00095, 16.00009, 1.000221 ],
			"faces": {
				"down": { "uv": [ 15.01, 15.01, 15.99, 15.99 ], "texture": "#texture", "cullface": "down" },
				"up": { "uv": [ 15.01, 0.01, 15.99, 0.99 ], "texture": "#texture", "cullface": "up" },
				"north": { "uv": [ 15.99, 0.01, 15.01, 15.99 ], "texture": "#texture", "cullface": "north" },
				"south": { "uv": [ 15.01, 0.01, 15.99, 15.99 ], "texture": "#texture" },
				"west": { "uv": [ 0.01, 0.01, 0.99, 15.99 ], "texture": "#texture" },
				"east": { "uv": [ 0.99, 0.01, 0.00999999, 15.99 ], "texture": "#texture", "cullface": "east" }
			}
		},
		{
			"from": [ 15.00012, 0.000754477, 15.00012 ],
			"to": [ 16.00013, 16.00076, 16.00012 ],
			"faces": {
				"down": { "uv": [ 15.01, 0.01, 15.99, 0.99 ], "texture": "#texture", "cullface": "down" },
				"up": { "uv": [ 15.01, 15.01, 15.99, 15.99 ], "texture": "#texture", "cullface": "up" },
				"north": { "uv": [ 15.99, 0.01, 15.01, 15.99 ], "texture": "#texture" },
				"south": { "uv": [ 15.01, 0.01, 15.99, 15.99 ], "texture": "#texture", "cullface": "south" },
				"west": { "uv": [ 15.01, 0.01, 15.99, 15.99 ], "texture": "#texture" },
				"east": { "uv": [ 15.99, 0.01, 15.01, 15.99 ], "texture": "#texture", "cullface": "east" }
			}
		},
		{
			"from": [ 0.000210574, -0.000148025, 1.000793 ],
			"to": [ 1.000211, 0.999852, 15.00079 ],
			"faces": {
				"down": { "uv": [ 0.01, 1.01, 0.99, 14.99 ], "texture": "#texture", "cullface": "down" },
				"up": { "uv": [ 0.01, 1.01, 0.99, 14.99 ], "texture": "#texture" },
				"west": { "uv": [ 1.01, 15.01, 14.99, 15.99 ], "texture": "#texture", "cullface": "west" },
				"east": { "uv": [ 14.99, 15.01, 1.01, 15.99 ], "texture": "#texture" }
			}
		},
		{
			"from": [ 14.99939, -0.000919475, 1.000651 ],
			"to": [ 15.99939, 0.9990805, 15.00065 ],
			"faces": {
				"down": { "uv": [ 0.01, 1.01, 0.99, 14.99 ], "texture": "#texture", "cullface": "down" },
				"up": { "uv": [ 0.01, 1.01, 0.99, 14.99 ], "texture": "#texture" },
				"west": { "uv": [ 1.01, 15.01, 14.99, 15.99 ], "texture": "#texture" },
				"east": { "uv": [ 14.99, 15.01, 1.01, 15.99 ], "texture": "#texture", "cullface": "east" }
			}
		},
		{
			"from": [ 0.00038043, 14.99916, 0.9994246 ],
			"to": [ 1.00038, 15.99916, 14.99942 ],
			"faces": {
				"down": { "uv": [ 0.01, 1.01, 0.99, 14.99 ], "texture": "#texture" },
				"up": { "uv": [ 0.01, 1.01, 0.99, 14.99 ], "texture": "#texture", "cullface": "up" },
				"west": { "uv": [ 1.01, 15.01, 14.99, 15.99 ], "texture": "#texture", "cullface": "west" },
				"east": { "uv": [ 14.99, 15.01, 1.01, 15.99 ], "texture": "#texture" }
			}
		},
		{
			"from": [ 15.00043, 15.00048, 1.000733 ],
			"to": [ 16.00043, 16.00048, 15.00073 ],
			"faces": {
				"down": { "uv": [ 0.01, 1.01, 0.99, 14.99 ], "texture": "#texture" },
				"up": { "uv": [ 0.01, 1.01, 0.99, 14.99 ], "texture": "#texture", "cullface": "up" },
				"west": { "uv": [ 1.01, 15.01, 14.99, 15.99 ], "texture": "#texture" },
				"east": { "uv": [ 14.99, 15.01, 1.01, 15.99 ], "texture": "#texture", "cullface": "east" }
			}
		},
		{
			"from": [ 1.000881, 0.000196898, -0.000275588 ],
			"to": [ 15.00088, 1.000197, 0.9997244 ],
			"faces": {
				"down": { "uv": [ 1.01, 15.01, 14.99, 15.99 ], "texture": "#texture", "cullface": "down" },
				"up": { "uv": [ 1.01, 0.01, 14.99, 0.99 ], "texture": "#texture" },
				"north": { "uv": [ 14.99, 15.01, 1.01, 15.99 ], "texture": "#texture", "cullface": "north" },
				"south": { "uv": [ 1.01, 15.01, 14.99, 15.99 ], "texture": "#texture" }
			}
		},
		{
			"from": [ 1.00096, -0.000040068, 15 ],
			"to": [ 15.00096, 0.9999599, 16 ],
			"faces": {
				"down": { "uv": [ 1.01, 0.01, 14.99, 0.99 ], "texture": "#texture", "cullface": "down" },
				"up": { "uv": [ 1.01, 15.01, 14.99, 15.99 ], "texture": "#texture" },
				"north": { "uv": [ 14.99, 15.01, 1.01, 15.99 ], "texture": "#texture" },
				"south": { "uv": [ 1.01, 15.01, 14.99, 15.99 ], "texture": "#texture", "cullface": "south" }
			}
		},
		{
			"from": [ 0.9992892, 15.00052, 14.99913 ],
			"to": [ 14.99929, 16.00052, 15.99913 ],
			"faces": {
				"down": { "uv": [ 1.01, 0.01, 14.99, 0.99 ], "texture": "#texture" },
				"up": { "uv": [ 1.01, 15.01, 14.99, 15.99 ], "texture": "#texture", "cullface": "up" },
				"north": { "uv": [ 14.99, 0.01, 1.01, 0.99 ], "texture": "#texture" },
				"south": { "uv": [ 1.01, 0.01, 14.99, 0.99 ], "texture": "#texture", "cullface": "south" }
			}
		},
		{
			"from": [ 0.9995399, 14.99922, 0.000893063 ],
			"to": [ 14.99954, 15.99922, 1.000893 ],
			"faces": {
				"down": { "uv": [ 1.01, 0.01, 14.99, 0.99 ], "texture": "#texture" },
				"up": { "uv": [ 1.01, 15.01, 14.99, 15.99 ], "texture": "#texture", "cullface": "up" },
				"north": { "uv": [ 14.99, 0.01, 1.01, 0.99 ], "texture": "#texture", "cullface": "north" },
				"south": { "uv": [ 1.01, 0.01, 14.99, 0.99 ], "texture": "#texture" }
			}
		},
		{
			"from": [ -0.000589632, 13.99996, 0.999628 ],
			"to": [ 0.9994104, 14.99996, 1.999628 ],
			"faces": {
				"down": { "uv": [ 1.01, 1.01, 1.99, 1.99 ], "texture": "#texture" },
				"south": { "uv": [ 1.01, 1.01, 1.99, 1.99 ], "texture": "#texture" },
				"west": { "uv": [ 1.01, 1.01, 1.99, 1.99 ], "texture": "#texture", "cullface": "west" }
			}
		},
		{
			"from": [ 0.9992387, 15.00081, 1.000503 ],
			"to": [ 1.999239, 16.00081, 2.000504 ],
			"faces": {
				"up": { "uv": [ 1.01, 1.01, 1.99, 1.99 ], "texture": "#texture", "cullface": "up" },
				"south": { "uv": [ 1.01, 1.01, 1.99, 1.99 ], "texture": "#texture" },
				"east": { "uv": [ 1.99, 1.01, 1.01, 1.99 ], "texture": "#texture" }
			}
		},
		{
			"from": [ 1.000986, 13.9997, 14.99937 ],
			"to": [ 2.000986, 14.9997, 15.99937 ],
			"faces": {
				"down": { "uv": [ 1.01, 1.01, 1.99, 1.99 ], "texture": "#texture" },
				"south": { "uv": [ 1.01, 1.01, 1.99, 1.99 ], "texture": "#texture", "cullface": "south" },
				"east": { "uv": [ 1.99, 1.01, 1.01, 1.99 ], "texture": "#texture" }
			}
		},
		{
			"from": [ 13.99906, 14.00055, 0.000979654 ],
			"to": [ 14.99906, 15.00055, 1.00098 ],
			"faces": {
				"down": { "uv": [ 1.01, 1.01, 1.99, 1.99 ], "texture": "#texture" },
				"north": { "uv": [ 1.99, 1.01, 1.01, 1.99 ], "texture": "#texture", "cullface": "north" },
				"west": { "uv": [ 1.01, 1.01, 1.99, 1.99 ], "texture": "#texture" }
			}
		},
		{
			"from": [ 15.00028, 13.99977, 14.00025 ],
			"to": [ 16.00028, 14.99977, 15.00025 ],
			"faces": {
				"down": { "uv": [ 1.01, 1.01, 1.99, 1.99 ], "texture": "#texture" },
				"north": { "uv": [ 1.99, 1.01, 1.01, 1.99 ], "texture": "#texture" },
				"east": { "uv": [ 1.99, 1.01, 1.01, 1.99 ], "texture": "#texture", "cullface": "east" }
			}
		},
		{
			"from": [ 0.9992546, 0.000533453, 14.00063 ],
			"to": [ 1.999255, 1.000533, 15.00063 ],
			"faces": {
				"down": { "uv": [ 1.01, 1.01, 1.99, 1.99 ], "texture": "#texture", "cullface": "down" },
				"north": { "uv": [ 1.99, 1.01, 1.01, 1.99 ], "texture": "#texture" },
				"east": { "uv": [ 1.99, 1.01, 1.01, 1.99 ], "texture": "#texture" }
			}
		},
		{
			"from": [ -0.000308332, 14.00021, 13.99984 ],
			"to": [ 0.9996917, 15.00021, 14.99984 ],
			"faces": {
				"down": { "uv": [ 14.01, 1.01, 14.99, 1.99 ], "texture": "#texture" },
				"north": { "uv": [ 14.99, 1.01, 14.01, 1.99 ], "texture": "#texture" },
				"west": { "uv": [ 14.01, 1.01, 14.99, 1.99 ], "texture": "#texture", "cullface": "west" }
			}
		},
		{
			"from": [ 13.9996, 14.00041, 15.0002 ],
			"to": [ 14.9996, 15.00041, 16.0002 ],
			"faces": {
				"down": { "uv": [ 14.01, 1.01, 14.99, 1.99 ], "texture": "#texture" },
				"south": { "uv": [ 14.01, 1.01, 14.99, 1.99 ], "texture": "#texture", "cullface": "south" },
				"west": { "uv": [ 14.01, 1.01, 14.99, 1.99 ], "texture": "#texture" }
			}
		},
		{
			"from": [ 14.9993, 14.00039, 1.00099 ],
			"to": [ 15.9993, 15.00039, 2.00099 ],
			"faces": {
				"down": { "uv": [ 14.01, 1.01, 14.99, 1.99 ], "texture": "#texture" },
				"south": { "uv": [ 14.01, 1.01, 14.99, 1.99 ], "texture": "#texture" },
				"east": { "uv": [ 14.99, 1.01, 14.01, 1.99 ], "texture": "#texture", "cullface": "east" }
			}
		},
		{
			"from": [ 0.9998168, 14.00055, 0.000044948 ],
			"to": [ 1.999817, 15.00055, 1.000045 ],
			"faces": {
				"down": { "uv": [ 14.01, 1.01, 14.99, 1.99 ], "texture": "#texture" },
				"north": { "uv": [ 14.99, 1.01, 14.01, 1.99 ], "texture": "#texture", "cullface": "north" },
				"east": { "uv": [ 14.99, 1.01, 14.01, 1.99 ], "texture": "#texture" }
			}
		},
		{
			"from": [ 13.99949, 15.00074, 0.9993439 ],
			"to": [ 14.99949, 16.00074, 1.999344 ],
			"faces": {
				"up": { "uv": [ 14.01, 1.01, 14.99, 1.99 ], "texture": "#texture", "cullface": "up" },
				"south": { "uv": [ 14.01, 1.01, 14.99, 1.99 ], "texture": "#texture" },
				"west": { "uv": [ 14.01, 1.01, 14.99, 1.99 ], "texture": "#texture" }
			}
		},
		{
			"from": [ 13.99973, -0.000984993, 14.00057 ],
			"to": [ 14.99973, 0.999015, 15.00057 ],
			"faces": {
				"down": { "uv": [ 14.01, 1.01, 14.99, 1.99 ], "texture": "#texture", "cullface": "down" },
				"north": { "uv": [ 14.99, 1.01, 14.01, 1.99 ], "texture": "#texture" },
				"west": { "uv": [ 14.01, 1.01, 14.99, 1.99 ], "texture": "#texture" }
			}
		},
		{
			"from": [ 14.00098, 0.9991481, 0.000393273 ],
			"to": [ 15.00098, 1.999148, 1.000393 ],
			"faces": {
				"up": { "uv": [ 1.01, 14.01, 1.99, 14.99 ], "texture": "#texture" },
				"north": { "uv": [ 1.01, 14.01, 1.99, 14.99 ], "texture": "#texture", "cullface": "north" },
				"west": { "uv": [ 1.01, 14.01, 1.99, 14.99 ], "texture": "#texture" }
			}
		},
		{
			"from": [ 0.000054222, 1.000014, 1.000145 ],
			"to": [ 1.000054, 2.000014, 2.000145 ],
			"faces": {
				"up": { "uv": [ 1.01, 14.01, 1.99, 14.99 ], "texture": "#texture" },
				"south": { "uv": [ 1.01, 14.01, 1.99, 14.99 ], "texture": "#texture" },
				"west": { "uv": [ 1.01, 14.01, 1.99, 14.99 ], "texture": "#texture", "cullface": "west" }
			}
		},
		{
			"from": [ 1.00053, 0.9994209, 15.0007 ],
			"to": [ 2.00053, 1.999421, 16.0007 ],
			"faces": {
				"up": { "uv": [ 1.01, 14.01, 1.99, 14.99 ], "texture": "#texture" },
				"south": { "uv": [ 1.01, 14.01, 1.99, 14.99 ], "texture": "#texture", "cullface": "south" },
				"east": { "uv": [ 1.01, 14.01, 1.99, 14.99 ], "texture": "#texture" }
			}
		},
		{
			"from": [ 14.99923, 1.000331, 14.00012 ],
			"to": [ 15.99923, 2.000331, 15.00012 ],
			"faces": {
				"up": { "uv": [ 1.01, 14.01, 1.99, 14.99 ], "texture": "#texture" },
				"north": { "uv": [ 1.01, 14.01, 1.99, 14.99 ], "texture": "#texture" },
				"east": { "uv": [ 1.01, 14.01, 1.99, 14.99 ], "texture": "#texture", "cullface": "east" }
			}
		},
		{
			"from": [ 1.000299, 14.99989, 13.99901 ],
			"to": [ 2.000299, 15.99989, 14.99901 ],
			"faces": {
				"up": { "uv": [ 1.01, 14.01, 1.99, 14.99 ], "texture": "#texture", "cullface": "up" },
				"north": { "uv": [ 1.01, 14.01, 1.99, 14.99 ], "texture": "#texture" },
				"east": { "uv": [ 1.01, 14.01, 1.99, 14.99 ], "texture": "#texture" }
			}
		},
		{
			"from": [ 1.000346, 0.000236795, 1.000914 ],
			"to": [ 2.000346, 1.000237, 2.000914 ],
			"faces": {
				"down": { "uv": [ 1.01, 14.01, 1.99, 14.99 ], "texture": "#texture", "cullface": "down" },
				"south": { "uv": [ 1.01, 14.01, 1.99, 14.99 ], "texture": "#texture" },
				"east": { "uv": [ 1.01, 14.01, 1.99, 14.99 ], "texture": "#texture" }
			}
		},
		{
			"from": [ 0.9994038, 0.9998262, -0.00080905 ],
			"to": [ 1.999404, 1.999826, 0.9991909 ],
			"faces": {
				"up": { "uv": [ 14.01, 14.01, 14.99, 14.99 ], "texture": "#texture" },
				"north": { "uv": [ 14.01, 14.01, 14.99, 14.99 ], "texture": "#texture", "cullface": "north" },
				"east": { "uv": [ 14.01, 14.01, 14.99, 14.99 ], "texture": "#texture" }
			}
		},
		{
			"from": [ 0.000020648, 0.9993842, 13.99955 ],
			"to": [ 1.000021, 1.999384, 14.99955 ],
			"faces": {
				"up": { "uv": [ 14.01, 14.01, 14.99, 14.99 ], "texture": "#texture" },
				"north": { "uv": [ 14.01, 14.01, 14.99, 14.99 ], "texture": "#texture" },
				"west": { "uv": [ 14.01, 14.01, 14.99, 14.99 ], "texture": "#texture", "cullface": "west" }
			}
		},
		{
			"from": [ 13.99936, 1.000049, 15.0001 ],
			"to": [ 14.99936, 2.00005, 16.0001 ],
			"faces": {
				"up": { "uv": [ 14.01, 14.01, 14.99, 14.99 ], "texture": "#texture" },
				"south": { "uv": [ 14.01, 14.01, 14.99, 14.99 ], "texture": "#texture", "cullface": "south" },
				"west": { "uv": [ 14.01, 14.01, 14.99, 14.99 ], "texture": "#texture" }
			}
		},
		{
			"from": [ 14.99908, 0.999503, 1.000182 ],
			"to": [ 15.99908, 1.999503, 2.000182 ],
			"faces": {
				"up": { "uv": [ 14.01, 14.01, 14.99, 14.99 ], "texture": "#texture" },
				"south": { "uv": [ 14.01, 14.01, 14.99, 14.99 ], "texture": "#texture" },
				"east": { "uv": [ 14.01, 14.01, 14.99, 14.99 ], "texture": "#texture", "cullface": "east" }
			}
		},
		{
			"from": [ 14.0001, 15.00021, 14.00078 ],
			"to": [ 15.0001, 16.00021, 15.00078 ],
			"faces": {
				"up": { "uv": [ 14.01, 14.01, 14.99, 14.99 ], "texture": "#texture", "cullface": "up" },
				"north": { "uv": [ 14.01, 14.01, 14.99, 14.99 ], "texture": "#texture" },
				"west": { "uv": [ 14.01, 14.01, 14.99, 14.99 ], "texture": "#texture" }
			}
		},
		{
			"from": [ 14.00061, -0.00026728, 1.000598 ],
			"to": [ 15.00061, 0.9997327, 2.000598 ],
			"faces": {
				"down": { "uv": [ 14.01, 14.01, 14.99, 14.99 ], "texture": "#texture", "cullface": "down" },
				"south": { "uv": [ 14.01, 14.01, 14.99, 14.99 ], "texture": "#texture" },
				"west": { "uv": [ 14.01, 14.01, 14.99, 14.99 ], "texture": "#texture" }
			}
		},
		{
			"from": [ 6.999463, 15.00099, 11.00078 ],
			"to": [ 8.999462, 16.00099, 13.00078 ],
			"faces": {
				"up": { "uv": [ 7.01, 11.01, 8.99, 12.99 ], "texture": "#texture", "cullface": "up" },
				"north": { "uv": [ 7.01, 11.01, 8.99, 11.99 ], "texture": "#texture" },
				"south": { "uv": [ 7.01, 12.01, 8.99, 12.99 ], "texture": "#texture" },
				"west": { "uv": [ 7.01, 11.01, 8.99, 11.99 ], "texture": "#texture" },
				"east": { "uv": [ 7.01, 12.01, 8.99, 12.99 ], "texture": "#texture" }
			}
		},
		{
			"from": [ 7.000443, 15.00037, 7.99968 ],
			"to": [ 9.000443, 16.00037, 9.99968 ],
			"faces": {
				"up": { "uv": [ 7.01, 8.01, 8.99, 9.99 ], "texture": "#texture", "cullface": "up" },
				"north": { "uv": [ 7.01, 8.01, 8.99, 8.99 ], "texture": "#texture" },
				"south": { "uv": [ 7.01, 9.01, 8.99, 9.99 ], "texture": "#texture" },
				"west": { "uv": [ 7.01, 8.01, 8.99, 8.99 ], "texture": "#texture" },
				"east": { "uv": [ 7.01, 9.01, 8.99, 9.99 ], "texture": "#texture" }
			}
		},
		{
			"from": [ 8.999932, 15.00099, 3.999087 ],
			"to": [ 10.99993, 16.00098, 7.999086 ],
			"faces": {
				"up": { "uv": [ 9.01, 4.01, 10.99, 7.99 ], "texture": "#texture", "cullface": "up" },
				"north": { "uv": [ 9.01, 4.01, 10.99, 4.99 ], "texture": "#texture" },
				"south": { "uv": [ 9.01, 7.01, 10.99, 7.99 ], "texture": "#texture" },
				"west": { "uv": [ 9.01, 7.99, 9.99, 4.01 ], "texture": "#texture", "rotation": 270 },
				"east": { "uv": [ 10.01, 4.01, 10.99, 7.99 ], "texture": "#texture", "rotation": 270 }
			}
		},
		{
			"from": [ 4.999477, 14.9992, 2.999744 ],
			"to": [ 9.999477, 15.9992, 3.999744 ],
			"faces": {
				"up": { "uv": [ 5.01, 3.01, 9.99, 3.99 ], "texture": "#texture" },
				"north": { "uv": [ 5.01, 3.01, 9.99, 3.99 ], "texture": "#texture", "cullface": "north" },
				"south": { "uv": [ 5.01, 3.01, 9.99, 3.99 ], "texture": "#texture", "cullface": "south" },
				"west": { "uv": [ 5.01, 3.01, 5.99, 3.99 ], "texture": "#texture", "cullface": "west" },
				"east": { "uv": [ 9.01, 3.01, 9.99, 3.99 ], "texture": "#texture", "cullface": "east" }
			}
		},
		{
			"from": [ 4.000441, 14.99996, 3.999853 ],
			"to": [ 6.000441, 15.99996, 6.999853 ],
			"faces": {
				"up": { "uv": [ 4.01, 4.01, 5.99, 6.99 ], "texture": "#texture", "cullface": "up" },
				"north": { "uv": [ 4.01, 4.01, 5.99, 4.99 ], "texture": "#texture" },
				"south": { "uv": [ 4.01, 6.01, 5.99, 6.99 ], "texture": "#texture" },
				"west": { "uv": [ 4.01, 4.01, 4.99, 6.99 ], "texture": "#texture" },
				"east": { "uv": [ 5.01, 4.01, 5.99, 6.99 ], "texture": "#texture" }
			}
		},
		{
			"from": [ 8.000156, 15.00058, 7.000312 ],
			"to": [ 9.000156, 16.00058, 8.000312 ],
			"faces": {
				"up": { "uv": [ 8.01, 7.01, 8.99, 7.99 ], "texture": "#texture", "cullface": "up" },
				"north": { "uv": [ 8.01, 7.01, 8.99, 7.99 ], "texture": "#texture" },
				"west": { "uv": [ 8.01, 7.01, 8.99, 7.99 ], "texture": "#texture" }
			}
		},
		{
			"from": [ 7.000101, 2.999857, -0.000707972 ],
			"to": [ 9.000101, 4.999857, 0.999292 ],
			"faces": {
				"down": { "uv": [ 7.01, 12.01, 8.99, 12.99 ], "texture": "#texture" },
				"up": { "uv": [ 7.01, 11.01, 8.99, 11.99 ], "texture": "#texture" },
				"north": { "uv": [ 7.01, 11.01, 8.99, 12.99 ], "texture": "#texture", "cullface": "north" },
				"west": { "uv": [ 7.01, 11.01, 7.99, 12.99 ], "texture": "#texture" },
				"east": { "uv": [ 8.01, 11.01, 8.99, 12.99 ], "texture": "#texture" }
			}
		},
		{
			"from": [ 6.999147, 6.000562, -0.0003922 ],
			"to": [ 8.999147, 8.000563, 0.9996078 ],
			"faces": {
				"down": { "uv": [ 7.01, 9.01, 8.99, 9.99 ], "texture": "#texture" },
				"up": { "uv": [ 7.01, 8.01, 8.99, 8.99 ], "texture": "#texture" },
				"north": { "uv": [ 7.01, 8.01, 8.99, 9.99 ], "texture": "#texture", "cullface": "north" },
				"west": { "uv": [ 7.01, 8.01, 7.99, 9.99 ], "texture": "#texture" },
				"east": { "uv": [ 8.01, 8.01, 8.99, 9.99 ], "texture": "#texture" }
			}
		},
		{
			"from": [ 4.999601, 7.999758, -0.000509201 ],
			"to": [ 6.999601, 11.99976, 0.9994908 ],
			"faces": {
				"down": { "uv": [ 9.01, 7.01, 10.99, 7.99 ], "texture": "#texture" },
				"up": { "uv": [ 9.01, 4.01, 10.99, 4.99 ], "texture": "#texture" },
				"north": { "uv": [ 9.01, 4.01, 10.99, 7.99 ], "texture": "#texture", "cullface": "north" },
				"west": { "uv": [ 10.01, 4.01, 10.99, 7.99 ], "texture": "#texture" },
				"east": { "uv": [ 9.01, 4.01, 9.99, 7.99 ], "texture": "#texture" }
			}
		},
		{
			"from": [ 5.999102, 11.99901, 0.000577695 ],
			"to": [ 10.9991, 12.99901, 1.000578 ],
			"faces": {
				"down": { "uv": [ 5.01, 3.01, 9.99, 3.99 ], "texture": "#texture" },
				"up": { "uv": [ 5.01, 3.01, 9.99, 3.99 ], "texture": "#texture" },
				"north": { "uv": [ 5.01, 3.01, 9.99, 3.99 ], "texture": "#texture", "cullface": "north" },
				"west": { "uv": [ 5.01, 3.01, 5.99, 3.99 ], "texture": "#texture" },
				"east": { "uv": [ 9.01, 3.01, 9.99, 3.99 ], "texture": "#texture" }
			}
		},
		{
			"from": [ 10.00045, 8.999514, -0.000967043 ],
			"to": [ 12.00045, 11.99951, 0.999033 ],
			"faces": {
				"down": { "uv": [ 4.01, 6.01, 5.99, 6.99 ], "texture": "#texture", "rotation": 270 },
				"up": { "uv": [ 4.01, 4.99, 5.99, 4.01 ], "texture": "#texture", "rotation": 90 },
				"north": { "uv": [ 4.01, 4.01, 5.99, 6.99 ], "texture": "#texture", "cullface": "north" },
				"west": { "uv": [ 4.01, 4.01, 4.99, 6.99 ], "texture": "#texture" },
				"east": { "uv": [ 5.99, 4.01, 5.01, 6.99 ], "texture": "#texture" }
			}
		},
		{
			"from": [ 6.999851, 7.999109, -0.00082559 ],
			"to": [ 7.999851, 8.999109, 0.9991744 ],
			"faces": {
				"up": { "uv": [ 8.01, 7.01, 8.99, 7.99 ], "texture": "#texture" },
				"north": { "uv": [ 8.01, 7.01, 8.99, 7.99 ], "texture": "#texture", "cullface": "north" },
				"east": { "uv": [ 8.01, 7.01, 8.99, 7.99 ], "texture": "#texture" }
			}
		},
		{
			"from": [ -0.000130681, 3.000614, 6.999331 ],
			"to": [ 0.9998693, 5.000614, 8.999331 ],
			"faces": {
				"down": { "uv": [ 8.01, 11.01, 8.99, 12.99 ], "texture": "#texture" },
				"up": { "uv": [ 7.01, 11.01, 7.99, 12.99 ], "texture": "#texture" },
				"north": { "uv": [ 7.01, 11.01, 7.99, 12.99 ], "texture": "#texture" },
				"south": { "uv": [ 8.01, 11.01, 8.99, 12.99 ], "texture": "#texture" },
				"west": { "uv": [ 7.01, 11.01, 8.99, 12.99 ], "texture": "#texture", "cullface": "west" }
			}
		},
		{
			"from": [ -0.000483904, 6.000874, 7.00075 ],
			"to": [ 0.9995161, 8.000874, 9.00075 ],
			"faces": {
				"down": { "uv": [ 7.01, 9.01, 8.99, 9.99 ], "texture": "#texture", "rotation": 270 },
				"up": { "uv": [ 7.01, 8.01, 8.99, 8.99 ], "texture": "#texture", "rotation": 90 },
				"north": { "uv": [ 8.01, 8.01, 8.99, 9.99 ], "texture": "#texture" },
				"south": { "uv": [ 7.01, 8.01, 7.99, 9.99 ], "texture": "#texture" },
				"west": { "uv": [ 7.01, 8.01, 8.99, 9.99 ], "texture": "#texture", "cullface": "west" }
			}
		},
		{
			"from": [ -0.000903723, 7.999414, 9.000128 ],
			"to": [ 0.9990963, 11.99941, 11.00013 ],
			"faces": {
				"down": { "uv": [ 9.01, 7.01, 10.99, 7.99 ], "texture": "#texture" },
				"up": { "uv": [ 9.01, 4.01, 10.99, 4.99 ], "texture": "#texture", "rotation": 270 },
				"north": { "uv": [ 9.01, 4.01, 9.99, 7.99 ], "texture": "#texture" },
				"south": { "uv": [ 10.01, 4.01, 10.99, 7.99 ], "texture": "#texture" },
				"west": { "uv": [ 9.01, 4.01, 10.99, 7.99 ], "texture": "#texture", "cullface": "west" }
			}
		},
		{
			"from": [ 0.000600602, 11.99929, 4.999187 ],
			"to": [ 1.000601, 12.99929, 9.999187 ],
			"faces": {
				"down": { "uv": [ 5.01, 3.01, 9.99, 3.99 ], "texture": "#texture", "rotation": 270 },
				"up": { "uv": [ 5.01, 3.01, 9.99, 3.99 ], "texture": "#texture", "rotation": 90 },
				"north": { "uv": [ 5.01, 3.01, 5.99, 3.99 ], "texture": "#texture" },
				"south": { "uv": [ 9.01, 3.01, 9.99, 3.99 ], "texture": "#texture" },
				"west": { "uv": [ 5.01, 3.01, 9.99, 3.99 ], "texture": "#texture", "cullface": "west" }
			}
		},
		{
			"from": [ 0.000530492, 8.999584, 4.000908 ],
			"to": [ 1.00053, 11.99958, 6.000908 ],
			"faces": {
				"down": { "uv": [ 4.01, 6.01, 5.99, 6.99 ], "texture": "#texture", "rotation": 270 },
				"up": { "uv": [ 4.01, 4.01, 5.99, 4.99 ], "texture": "#texture", "rotation": 90 },
				"north": { "uv": [ 4.01, 4.01, 4.99, 6.99 ], "texture": "#texture" },
				"south": { "uv": [ 5.01, 4.01, 5.99, 6.99 ], "texture": "#texture" },
				"west": { "uv": [ 4.01, 4.01, 5.99, 6.99 ], "texture": "#texture", "cullface": "west" }
			}
		},
		{
			"from": [ -0.000764624, 7.999073, 7.999369 ],
			"to": [ 0.9992354, 8.999073, 8.999369 ],
			"faces": {
				"up": { "uv": [ 8.01, 7.01, 8.99, 7.99 ], "texture": "#texture" },
				"north": { "uv": [ 8.01, 7.01, 8.99, 7.99 ], "texture": "#texture" },
				"west": { "uv": [ 8.01, 7.01, 8.99, 7.99 ], "texture": "#texture", "cullface": "west" }
			}
		},
		{
			"from": [ 6.999815, 2.99914, 14.99966 ],
			"to": [ 8.999815, 4.99914, 15.99966 ],
			"faces": {
				"down": { "uv": [ 7.01, 12.01, 8.99, 12.99 ], "texture": "#texture" },
				"up": { "uv": [ 7.01, 11.01, 8.99, 11.99 ], "texture": "#texture" },
				"south": { "uv": [ 7.01, 11.01, 8.99, 12.99 ], "texture": "#texture", "cullface": "south" },
				"west": { "uv": [ 8.01, 11.01, 8.99, 12.99 ], "texture": "#texture" },
				"east": { "uv": [ 7.01, 11.01, 7.99, 12.99 ], "texture": "#texture" }
			}
		},
		{
			"from": [ 6.999012, 5.9997, 14.99978 ],
			"to": [ 8.999012, 7.9997, 15.99978 ],
			"faces": {
				"down": { "uv": [ 7.01, 9.01, 8.99, 9.99 ], "texture": "#texture" },
				"up": { "uv": [ 7.01, 8.01, 8.99, 8.99 ], "texture": "#texture" },
				"south": { "uv": [ 7.01, 8.01, 8.99, 9.99 ], "texture": "#texture", "cullface": "south" },
				"west": { "uv": [ 8.01, 8.01, 8.99, 9.99 ], "texture": "#texture" },
				"east": { "uv": [ 7.01, 8.01, 7.99, 9.99 ], "texture": "#texture" }
			}
		},
		{
			"from": [ 9.000931, 7.999772, 14.99983 ],
			"to": [ 11.00093, 11.99977, 15.99983 ],
			"faces": {
				"down": { "uv": [ 9.01, 7.01, 10.99, 7.99 ], "texture": "#texture" },
				"up": { "uv": [ 9.01, 4.01, 10.99, 4.99 ], "texture": "#texture" },
				"south": { "uv": [ 9.01, 4.01, 10.99, 7.99 ], "texture": "#texture", "cullface": "south" },
				"west": { "uv": [ 10.01, 4.01, 10.99, 7.99 ], "texture": "#texture" },
				"east": { "uv": [ 9.01, 4.01, 9.99, 7.99 ], "texture": "#texture" }
			}
		},
		{
			"from": [ 5.000682, 12.00091, 15.00096 ],
			"to": [ 10.00068, 13.00091, 16.00096 ],
			"faces": {
				"down": { "uv": [ 5.01, 3.01, 9.99, 3.99 ], "texture": "#texture" },
				"up": { "uv": [ 5.01, 3.01, 9.99, 3.99 ], "texture": "#texture" },
				"south": { "uv": [ 5.01, 3.01, 9.99, 3.99 ], "texture": "#texture", "cullface": "south" },
				"west": { "uv": [ 5.01, 3.01, 5.99, 3.99 ], "texture": "#texture" },
				"east": { "uv": [ 9.01, 3.01, 9.99, 3.99 ], "texture": "#texture" }
			}
		},
		{
			"from": [ 3.999547, 9.000129, 14.99953 ],
			"to": [ 5.999547, 12.00013, 15.99953 ],
			"faces": {
				"down": { "uv": [ 4.01, 6.01, 5.99, 6.99 ], "texture": "#texture" },
				"up": { "uv": [ 4.01, 4.51, 5.99, 5.49 ], "texture": "#texture" },
				"south": { "uv": [ 4.01, 4.01, 5.99, 6.99 ], "texture": "#texture", "cullface": "south" },
				"west": { "uv": [ 4.01, 4.01, 4.99, 6.99 ], "texture": "#texture" },
				"east": { "uv": [ 5.01, 4.01, 5.99, 6.99 ], "texture": "#texture" }
			}
		},
		{
			"from": [ 8.000859, 8.000909, 15.00081 ],
			"to": [ 9.000859, 9.000909, 16.00081 ],
			"faces": {
				"up": { "uv": [ 8.01, 7.01, 8.99, 7.99 ], "texture": "#texture" },
				"south": { "uv": [ 8.01, 7.01, 8.99, 7.99 ], "texture": "#texture", "cullface": "south" },
				"west": { "uv": [ 8.01, 7.01, 8.99, 7.99 ], "texture": "#texture" }
			}
		},
		{
			"from": [ 15.00054, 3.000998, 6.999883 ],
			"to": [ 16.00054, 5.000998, 8.999884 ],
			"faces": {
				"down": { "uv": [ 7.01, 12.01, 8.99, 12.99 ], "texture": "#texture", "rotation": 90 },
				"up": { "uv": [ 7.01, 11.01, 8.99, 11.99 ], "texture": "#texture", "rotation": 270 },
				"north": { "uv": [ 8.01, 11.01, 8.99, 12.99 ], "texture": "#texture" },
				"south": { "uv": [ 7.01, 11.01, 7.99, 12.99 ], "texture": "#texture" },
				"east": { "uv": [ 7.01, 11.01, 8.99, 12.99 ], "texture": "#texture", "cullface": "east" }
			}
		},
		{
			"from": [ 14.99978, 6.000017, 6.999734 ],
			"to": [ 15.99978, 8.000017, 8.999735 ],
			"faces": {
				"down": { "uv": [ 7.01, 9.01, 8.99, 9.99 ], "texture": "#texture", "rotation": 90 },
				"up": { "uv": [ 7.01, 8.01, 8.99, 8.99 ], "texture": "#texture", "rotation": 270 },
				"north": { "uv": [ 7.01, 8.01, 7.99, 9.99 ], "texture": "#texture" },
				"south": { "uv": [ 8.01, 8.01, 8.99, 9.99 ], "texture": "#texture" },
				"east": { "uv": [ 7.01, 8.01, 8.99, 9.99 ], "texture": "#texture", "cullface": "east" }
			}
		},
		{
			"from": [ 14.9997, 8.000566, 4.999677 ],
			"to": [ 15.9997, 12.00057, 6.999677 ],
			"faces": {
				"down": { "uv": [ 9.01, 7.01, 10.99, 7.99 ], "texture": "#texture", "rotation": 90 },
				"up": { "uv": [ 9.01, 4.01, 10.99, 4.99 ], "texture": "#texture", "rotation": 270 },
				"north": { "uv": [ 10.01, 4.01, 10.99, 7.99 ], "texture": "#texture" },
				"south": { "uv": [ 9.01, 4.01, 9.99, 7.99 ], "texture": "#texture" },
				"east": { "uv": [ 9.01, 4.01, 10.99, 7.99 ], "texture": "#texture", "cullface": "east" }
			}
		},
		{
			"from": [ 15.00037, 12.00071, 5.999801 ],
			"to": [ 16.00037, 13.00071, 10.9998 ],
			"faces": {
				"down": { "uv": [ 5.01, 3.01, 9.99, 3.99 ], "texture": "#texture", "rotation": 90 },
				"up": { "uv": [ 5.01, 3.01, 9.99, 3.99 ], "texture": "#texture", "rotation": 270 },
				"north": { "uv": [ 9.01, 3.01, 9.99, 3.99 ], "texture": "#texture" },
				"south": { "uv": [ 5.01, 3.01, 5.99, 3.99 ], "texture": "#texture" },
				"east": { "uv": [ 5.01, 3.01, 9.99, 3.99 ], "texture": "#texture", "cullface": "east" }
			}
		},
		{
			"from": [ 14.99961, 9.000455, 10.00098 ],
			"to": [ 15.99961, 12.00045, 12.00098 ],
			"faces": {
				"down": { "uv": [ 4.01, 6.01, 5.99, 6.99 ], "texture": "#texture", "rotation": 90 },
				"up": { "uv": [ 4.01, 4.01, 5.99, 4.99 ], "texture": "#texture", "rotation": 270 },
				"north": { "uv": [ 5.01, 4.01, 5.99, 6.99 ], "texture": "#texture" },
				"south": { "uv": [ 4.01, 4.01, 4.99, 6.99 ], "texture": "#texture" },
				"east": { "uv": [ 4.01, 4.01, 5.99, 6.99 ], "texture": "#texture", "cullface": "east" }
			}
		},
		{
			"from": [ 15.00024, 7.999347, 6.999432 ],
			"to": [ 16.00024, 8.999348, 7.999432 ],
			"faces": {
				"up": { "uv": [ 8.01, 7.01, 8.99, 7.99 ], "texture": "#texture" },
				"south": { "uv": [ 8.01, 7.01, 8.99, 7.99 ], "texture": "#texture" },
				"east": { "uv": [ 8.01, 7.01, 8.99, 7.99 ], "texture": "#texture", "cullface": "east" }
			}
		},
		{
			"from": [ 6.999381, 0.000114688, 2.999074 ],
			"to": [ 8.99938, 1.000115, 4.999074 ],
			"faces": {
				"down": { "uv": [ 7.01, 11.01, 8.99, 12.99 ], "texture": "#texture", "cullface": "down" },
				"north": { "uv": [ 7.01, 12.01, 8.99, 12.99 ], "texture": "#texture" },
				"south": { "uv": [ 7.01, 11.01, 8.99, 11.99 ], "texture": "#texture" },
				"west": { "uv": [ 7.01, 11.01, 7.99, 12.99 ], "texture": "#texture" },
				"east": { "uv": [ 8.01, 11.01, 8.99, 12.99 ], "texture": "#texture" }
			}
		},
		{
			"from": [ 6.99941, 0.000522026, 5.999705 ],
			"to": [ 8.999411, 1.000522, 7.999705 ],
			"faces": {
				"down": { "uv": [ 7.01, 8.01, 8.99, 9.99 ], "texture": "#texture", "cullface": "down" },
				"north": { "uv": [ 7.01, 8.01, 8.99, 8.99 ], "texture": "#texture" },
				"south": { "uv": [ 7.01, 9.01, 8.99, 9.99 ], "texture": "#texture" },
				"west": { "uv": [ 7.01, 8.01, 8.99, 8.99 ], "texture": "#texture" },
				"east": { "uv": [ 7.01, 9.01, 8.99, 9.99 ], "texture": "#texture" }
			}
		},
		{
			"from": [ 8.999502, -0.000161887, 7.999032 ],
			"to": [ 10.9995, 0.9998381, 11.99903 ],
			"faces": {
				"down": { "uv": [ 9.01, 4.01, 10.99, 7.99 ], "texture": "#texture", "cullface": "down" },
				"north": { "uv": [ 9.01, 7.01, 10.99, 7.99 ], "texture": "#texture" },
				"south": { "uv": [ 9.01, 4.01, 10.99, 4.99 ], "texture": "#texture" },
				"west": { "uv": [ 9.01, 4.01, 9.99, 8.49 ], "texture": "#texture" },
				"east": { "uv": [ 10.01, 4.01, 10.99, 7.99 ], "texture": "#texture" }
			}
		},
		{
			"from": [ 5.000791, 0.000308581, 11.99988 ],
			"to": [ 10.00079, 1.000309, 12.99988 ],
			"faces": {
				"down": { "uv": [ 5.01, 3.01, 9.99, 3.99 ], "texture": "#texture", "cullface": "down" },
				"north": { "uv": [ 5.01, 3.01, 9.99, 3.99 ], "texture": "#texture" },
				"south": { "uv": [ 5.01, 3.01, 9.99, 3.99 ], "texture": "#texture" },
				"west": { "uv": [ 5.01, 3.01, 5.99, 3.99 ], "texture": "#texture" },
				"east": { "uv": [ 9.01, 3.01, 9.99, 3.99 ], "texture": "#texture" }
			}
		},
		{
			"from": [ 4.000458, -0.000392433, 8.99987 ],
			"to": [ 6.000458, 0.9996076, 11.99987 ],
			"faces": {
				"down": { "uv": [ 4.01, 4.01, 5.99, 6.99 ], "texture": "#texture", "cullface": "down" },
				"north": { "uv": [ 4.01, 6.01, 5.99, 6.99 ], "texture": "#texture" },
				"south": { "uv": [ 4.01, 4.01, 5.99, 4.99 ], "texture": "#texture" },
				"west": { "uv": [ 4.01, 4.01, 4.99, 6.99 ], "texture": "#texture", "rotation": 90 },
				"east": { "uv": [ 5.01, 4.01, 5.99, 6.99 ], "texture": "#texture", "rotation": 270 }
			}
		},
		{
			"from": [ 7.999676, -0.000441486, 7.999116 ],
			"to": [ 8.999676, 0.9995585, 8.999116 ],
			"faces": {
				"down": { "uv": [ 8.01, 7.01, 8.99, 7.99 ], "texture": "#texture", "cullface": "down" },
				"south": { "uv": [ 8.01, 7.51, 8.99, 8.49 ], "texture": "#texture" },
				"west": { "uv": [ 8.01, 7.01, 8.99, 7.99 ], "texture": "#texture" }
			}
		}
	],
	"display": {
		"thirdperson_righthand": {
			"rotation":  [ 75, 45, 0 ],
			"translation":  [ 0, 2.5, 0 ],
			"scale":  [ 0.375, 0.375, 0.375 ]
		},
		"thirdperson_lefthand": {
			"rotation":  [ 75, 45, 0 ],
			"translation":  [ 0, 2.5, 0 ],
			"scale":  [ 0.375, 0.375, 0.375 ]
		},
		"firstperson_righthand": {
			"rotation":  [ 0, 45, 0 ],
			"scale":  [ 0.4, 0.4, 0.4 ]
		},
		"firstperson_lefthand": {
			"rotation":  [ 0, 45, 0 ],
			"scale":  [ 0.4, 0.4, 0.4 ]
		},
		"gui": {
			"rotation":  [ 30, 225, 0 ],
			"scale":  [ 0.625, 0.625, 0.625 ]
		},
		"head": {
			"scale":  [ 1.67, 1.67, 1.67 ]
		},
		"ground": {
			"translation":  [ 0, 2, 0 ],
			"scale":  [ 0.5, 0.5, 0.5 ]
		},
		"fixed": {
			"translation":  [ 0, 0, 1.67 ]
		}
	}
}