{
    "parent": "item/handheld",
    "textures": {
        "layer0": "items/diamond_axe"
    },
	"overrides": [
		{
		   "predicate": {
		      "damaged": 1,
		      "damage": 0.00
		   },
		   "model": "item/diamond_axe_org"
		},
		{
		   "predicate": {
		      "damaged": 0,
		      "damage": 0.0508
		   },
		   "model": "item/tankisbase"
		},
		{
		   "predicate": {
		      "damaged": 0,
		      "damage": 0.0514
		   },
		   "model": "item/moskvitch"
		},
		{
		   "predicate": {
		      "damaged": 0,
		      "damage": 0.0520
		   },
		   "model": "item/ladaniva"
		},
		{
		   "predicate": {
		      "damaged": 0,
		      "damage": 0.0526
		   },
		   "model": "item/jeep"
		},
		{
		   "predicate": {
		      "damaged": 0,
		      "damage": 0.0538
		   },
		   "model": "item/heli"
		},
		{
		   "predicate": {
		      "damaged": 0,
		      "damage": 0.0544
		   },
		   "model": "item/trolly"
		},
		{
		   "predicate": {
		      "damaged": 0,
		      "damage": 0.0550
		   },
		   "model": "item/civilboat1"
		},
		{
		   "predicate": {
		      "damaged": 0,
		      "damage": 0.0556
		   },
		   "model": "item/mig1"
		},
		{
		   "predicate": {
		      "damaged": 0,
		      "damage": 0.0562
		   },
		   "model": "item/polikarpov"
		},
		{
		   "predicate": {
		      "damaged": 0,
		      "damage": 0.0568
		   },
		   "model": "item/cadillac62"
		},
		{
		   "predicate": {
		      "damaged": 0,
		      "damage": 0.0586
		   },
		   "model": "item/motorcycle"
		},
		{
		   "predicate": {
		      "damaged": 0,
		      "damage": 0.0598
		   },
		   "model": "item/truck"
		},
		{
		   "predicate": {
		      "damaged": 0,
		      "damage": 0.0604
		   },
		   "model": "item/shoppingcart"
		},
		{
		   "predicate": {
		      "damaged": 0,
		      "damage": 0.0610
		   },
		   "model": "item/policeveh"
		},
		{
		   "predicate": {
		      "damaged": 0,
		      "damage": 0.0616
		   },
		   "model": "item/unmarkedvan"
		},
		{
		   "predicate": {
		      "damaged": 0,
		      "damage": 0.0664
		   },
		   "model": "item/bus"
		},
		{
		   "predicate": {
		      "damaged": 0,
		      "damage": 0.0710
		   },
		   "model": "item/b2plane"
		},
		{
		   "predicate": {
		      "damaged": 0,
		      "damage": 0.0716
		   },
		   "model": "item/privateplane"
		},
		{
		   "predicate": {
		      "damaged": 0,
		      "damage": 0.0728
		   },
		   "model": "item/ambulance"
		},
		{
		   "predicate": {
		      "damaged": 0,
		      "damage": 0.0734
		   },
		   "model": "item/swspeederbike"
		},
		{
		   "predicate": {
		      "damaged": 0,
		      "damage": 0.0740
		   },
		   "model": "item/swlandspeeder"
		},
		{
		   "predicate": {
		      "damaged": 0,
		      "damage": 0.0752
		   },
		   "model": "item/bumpercarred"
		},
		{
		   "predicate": {
		      "damaged": 0,
		      "damage": 0.0758
		   },
		   "model": "item/firetruck"
		},
		{
		   "predicate": {
		      "damaged": 0,
		      "damage": 0.0764
		   },
		   "model": "item/taxi"
		},
		{
		   "predicate": {
		      "damaged": 0,
		      "damage": 0.0770
		   },
		   "model": "item/hearse"
		},
		{
		   "predicate": {
		      "damaged": 0,
		      "damage": 0.0776
		   },
		   "model": "item/ufo"
		},
		{
		   "predicate": {
		      "damaged": 0,
		      "damage": 0.0782
		   },
		   "model": "item/newsvan"
		},
		{
		   "predicate": {
		      "damaged": 0,
		      "damage": 0.0794
		   },
		   "model": "item/swatvan"
		},
		{
		   "predicate": {
		      "damaged": 0,
		      "damage": 0.0800
		   },
		   "model": "item/streetsweep"
		},
		{
		   "predicate": {
		      "damaged": 0,
		      "damage": 0.0806
		   },
		   "model": "item/heliorange"
		},
		{
		   "predicate": {
		      "damaged": 0,
		      "damage": 0.0812
		   },
		   "model": "item/garbagetruck"
		},
		{
		   "predicate": {
		      "damaged": 0,
		      "damage": 0.0818
		   },
		   "model": "item/preslimo"
		},
		{
		   "predicate": {
		      "damaged": 0,
		      "damage": 0.0824
		   },
		   "model": "item/diamond_axe_org"
		}
	]
}