{
"__comment": "Designed by Pankix with BDcraft Cubik PRO 0.95 Beta - http://bdcraft.net",
"textures": {
    "texture": "items/ppbizon"
},
"elements": [ 
{
    "__comment": "PPBizon",
    "from": [ 7.125, 8.5, 11.75 ],
    "to": [ 9, 9.375, 12 ],
    "faces": {
        "down":  { "uv": [ 8.875, 6, 7, 5.75 ], "texture": "#texture" },
        "up":    { "uv": [ 7.125, 5.75, 9, 6 ], "texture": "#texture" },
        "north": { "uv": [ 9, 6.625, 7.125, 7.5 ], "texture": "#texture" },
        "south": { "uv": [ 7.125, 6.625, 9, 7.5 ], "texture": "#texture" },
        "west":  { "uv": [ 5.75, 6.625, 6, 7.5 ], "texture": "#texture" },
        "east":  { "uv": [ 6, 6.625, 5.75, 7.5 ], "texture": "#texture" }
    }
},
{
    "__comment": "PPBizon",
    "from": [ 7.125, 8.625, 19.125 ],
    "to": [ 9, 9.25, 20 ],
    "faces": {
        "down":  { "uv": [ 8.875, 14, 7, 13.125 ], "texture": "#texture" },
        "up":    { "uv": [ 7.125, 13.125, 9, 14 ], "texture": "#texture" },
        "north": { "uv": [ 9, 6.75, 7.125, 7.375 ], "texture": "#texture" },
        "south": { "uv": [ 7.125, 6.75, 9, 7.375 ], "texture": "#texture" },
        "west":  { "uv": [ 13.125, 6.75, 14, 7.375 ], "texture": "#texture" },
        "east":  { "uv": [ 14, 6.75, 13.125, 7.375 ], "texture": "#texture" }
    }
},
{
    "__comment": "PPBizon",
    "from": [ 7.25, 8.25, 11.75 ],
    "to": [ 8.875, 8.5, 12 ],
    "faces": {
        "down":  { "uv": [ 8.75, 6, 7.125, 5.75 ], "texture": "#texture" },
        "north": { "uv": [ 8.875, 7.5, 7.25, 7.75 ], "texture": "#texture" },
        "south": { "uv": [ 7.25, 7.5, 8.875, 7.75 ], "texture": "#texture" },
        "west":  { "uv": [ 5.75, 7.5, 6, 7.75 ], "texture": "#texture" },
        "east":  { "uv": [ 6, 7.5, 5.75, 7.75 ], "texture": "#texture" }
    }
},
{
    "__comment": "PPBizon",
    "from": [ 7.25, 9.375, 11.75 ],
    "to": [ 8.875, 9.5, 12 ],
    "faces": {
        "up":    { "uv": [ 7.25, 5.75, 8.875, 6 ], "texture": "#texture" },
        "north": { "uv": [ 8.875, 6.5, 7.25, 6.625 ], "texture": "#texture" },
        "south": { "uv": [ 7.25, 6.5, 8.875, 6.625 ], "texture": "#texture" },
        "west":  { "uv": [ 5.75, 6.5, 6, 6.625 ], "texture": "#texture" },
        "east":  { "uv": [ 6, 6.5, 5.75, 6.625 ], "texture": "#texture" }
    }
},
{
    "__comment": "PPBizon",
    "from": [ 7.25, 8.625, 12 ],
    "to": [ 8.875, 9.25, 19.125 ],
    "faces": {
        "down":  { "uv": [ 13.4375, 16, 12.5625, 8.9375 ], "texture": "#texture" },
        "up":    { "uv": [ 12.4375, 9.5625, 13.5625, 16 ], "texture": "#texture" },
        "west":  { "uv": [ 6, 6.75, 13.125, 7.375 ], "texture": "#texture" },
        "east":  { "uv": [ 13.125, 6.75, 6, 7.375 ], "texture": "#texture" }
    }
},
{
    "__comment": "PPBizon",
    "from": [ 7.25, 8.375, 19.125 ],
    "to": [ 8.875, 8.625, 20 ],
    "faces": {
        "down":  { "uv": [ 8.75, 14, 7.125, 13.125 ], "texture": "#texture" },
        "north": { "uv": [ 8.875, 7.375, 7.25, 7.625 ], "texture": "#texture" },
        "south": { "uv": [ 7.25, 7.375, 8.875, 7.625 ], "texture": "#texture" },
        "west":  { "uv": [ 13.125, 7.375, 14, 7.625 ], "texture": "#texture" },
        "east":  { "uv": [ 14, 7.375, 13.125, 7.625 ], "texture": "#texture" }
    }
},
{
    "__comment": "PPBizon",
    "from": [ 7.25, 9.25, 19.125 ],
    "to": [ 8.875, 9.5, 20 ],
    "faces": {
        "up":    { "uv": [ 7.25, 13.125, 8.875, 14 ], "texture": "#texture" },
        "north": { "uv": [ 8.875, 6.5, 7.25, 6.75 ], "texture": "#texture" },
        "south": { "uv": [ 7.25, 6.5, 8.875, 6.75 ], "texture": "#texture" },
        "west":  { "uv": [ 13.125, 6.5, 14, 6.75 ], "texture": "#texture" },
        "east":  { "uv": [ 14, 6.5, 13.125, 6.75 ], "texture": "#texture" }
    }
},
{
    "__comment": "PPBizon",
    "from": [ 7.375, 8.125, 11.75 ],
    "to": [ 8.75, 8.25, 12 ],
    "faces": {
        "down":  { "uv": [ 8.625, 6, 7.25, 5.75 ], "texture": "#texture" },
        "north": { "uv": [ 8.75, 7.75, 7.375, 7.875 ], "texture": "#texture" },
        "south": { "uv": [ 7.375, 7.75, 8.75, 7.875 ], "texture": "#texture" },
        "west":  { "uv": [ 5.75, 7.75, 6, 7.875 ], "texture": "#texture" },
        "east":  { "uv": [ 6, 7.75, 5.75, 7.875 ], "texture": "#texture" }
    }
},
{
    "__comment": "PPBizon",
    "from": [ 7.375, 9.5, 11.75 ],
    "to": [ 8.75, 9.625, 12 ],
    "faces": {
        "up":    { "uv": [ 7.375, 5.75, 8.75, 6 ], "texture": "#texture" },
        "north": { "uv": [ 8.75, 6.375, 7.375, 6.5 ], "texture": "#texture" },
        "south": { "uv": [ 7.375, 6.375, 8.75, 6.5 ], "texture": "#texture" },
        "west":  { "uv": [ 5.75, 6.375, 6, 6.5 ], "texture": "#texture" },
        "east":  { "uv": [ 6, 6.375, 5.75, 6.5 ], "texture": "#texture" }
    }
},
{
    "__comment": "PPBizon",
    "from": [ 7.375, 8.375, 12 ],
    "to": [ 8.75, 8.625, 19.125 ],
    "faces": {
        "down":  { "uv": [ 13.625, 16, 12.5, 8.8125 ], "texture": "#texture" },
        "north": { "uv": [ 8.75, 7.375, 7.375, 7.625 ], "texture": "#texture" },
        "west":  { "uv": [ 6, 7.375, 13.125, 7.625 ], "texture": "#texture" },
        "east":  { "uv": [ 13.125, 7.375, 6, 7.625 ], "texture": "#texture" }
    }
},
{
    "__comment": "PPBizon",
    "from": [ 7.375, 9.25, 12 ],
    "to": [ 8.75, 9.5, 19.125 ],
    "faces": {
        "up":    { "uv": [ 12.625, 8.9375, 13.5625, 16 ], "texture": "#texture" },
        "north": { "uv": [ 8.75, 6.5, 7.375, 6.75 ], "texture": "#texture" },
        "west":  { "uv": [ 6, 6.5, 13.125, 6.75 ], "texture": "#texture" },
        "east":  { "uv": [ 13.125, 6.5, 6, 6.75 ], "texture": "#texture" }
    }
},
{
    "__comment": "PPBizon",
    "from": [ 7.375, 8.25, 19.125 ],
    "to": [ 8.75, 8.375, 20 ],
    "faces": {
        "down":  { "uv": [ 8.625, 14, 7.25, 13.125 ], "texture": "#texture" },
        "north": { "uv": [ 8.75, 7.625, 7.375, 7.75 ], "texture": "#texture" },
        "south": { "uv": [ 7.375, 7.625, 8.75, 7.75 ], "texture": "#texture" },
        "west":  { "uv": [ 13.125, 7.625, 14, 7.75 ], "texture": "#texture" },
        "east":  { "uv": [ 14, 7.625, 13.125, 7.75 ], "texture": "#texture" }
    }
},
{
    "__comment": "PPBizon",
    "from": [ 7.375, 9.5, 19.125 ],
    "to": [ 8.75, 9.625, 20 ],
    "faces": {
        "up":    { "uv": [ 7.375, 13.125, 8.75, 14 ], "texture": "#texture" },
        "north": { "uv": [ 8.75, 6.375, 7.375, 6.5 ], "texture": "#texture" },
        "south": { "uv": [ 7.375, 6.375, 8.75, 6.5 ], "texture": "#texture" },
        "west":  { "uv": [ 13.125, 6.375, 14, 6.5 ], "texture": "#texture" },
        "east":  { "uv": [ 14, 6.375, 13.125, 6.5 ], "texture": "#texture" }
    }
},
{
    "__comment": "PPBizon",
    "from": [ 7.5, 5.875, 6.125 ],
    "to": [ 8.625, 6, 7.25 ],
    "faces": {
        "down":  { "uv": [ 11.5, 13.5625, 10.375, 12.4375 ], "texture": "#texture" },
        "up":    { "uv": [ 10.375, 12.625, 11.5, 13.75 ], "texture": "#texture" },
        "north": { "uv": [ 11.375, 13.0625, 10.25, 13.1875 ], "texture": "#texture" },
        "south": { "uv": [ 10.375, 13.4375, 11.5, 13.5625 ], "texture": "#texture" },
        "west":  { "uv": [ 0.125, 10, 1.25, 10.125 ], "texture": "#texture" },
        "east":  { "uv": [ 1.25, 10, 0.125, 10.125 ], "texture": "#texture" }
    }
},
{
    "__comment": "PPBizon",
    "from": [ 7.5, 6, 6.125 ],
    "to": [ 8.625, 6.375, 7.125 ],
    "faces": {
        "up":    { "uv": [ 10.375, 14.1875, 11.5, 15.1875 ], "texture": "#texture" },
        "north": { "uv": [ 11.5, 13.0625, 10.375, 13.4375 ], "texture": "#texture" },
        "south": { "uv": [ 10.3125, 12.8125, 11.4375, 13.1875 ], "texture": "#texture" },
        "west":  { "uv": [ 0.125, 9.625, 1.125, 10 ], "texture": "#texture" },
        "east":  { "uv": [ 1.125, 9.625, 0.125, 10 ], "texture": "#texture" }
    }
},
{
    "__comment": "PPBizon",
    "from": [ 7.5, 5.75, 6.25 ],
    "to": [ 8.625, 5.875, 7.25 ],
    "faces": {
        "down":  { "uv": [ 11.5, 13.5625, 10.375, 12.5625 ], "texture": "#texture" },
        "north": { "uv": [ 11.5, 13.4375, 10.375, 13.5625 ], "texture": "#texture" },
        "south": { "uv": [ 10.3125, 12.25, 11.4375, 12.375 ], "texture": "#texture" },
        "west":  { "uv": [ 0.25, 10.125, 1.25, 10.25 ], "texture": "#texture" },
        "east":  { "uv": [ 1.25, 10.125, 0.25, 10.25 ], "texture": "#texture" }
    }
},
{
    "__comment": "PPBizon",
    "from": [ 7.5, 6.375, 6.25 ],
    "to": [ 8.625, 6.75, 7.25 ],
    "faces": {
        "down":  { "uv": [ 11.5, 13.75, 10.375, 12.75 ], "texture": "#texture" },
        "up":    { "uv": [ 10.4375, 12.6875, 11.5625, 13.6875 ], "texture": "#texture" },
        "north": { "uv": [ 11.5, 13.0625, 10.375, 13.4375 ], "texture": "#texture" },
        "south": { "uv": [ 10.375, 12.9375, 11.5, 13.3125 ], "texture": "#texture" },
        "west":  { "uv": [ 0.25, 9.25, 1.25, 9.625 ], "texture": "#texture" },
        "east":  { "uv": [ 1.25, 9.25, 0.25, 9.625 ], "texture": "#texture" }
    }
},
{
    "__comment": "PPBizon",
    "from": [ 7.5, 9.375, 6.25 ],
    "to": [ 8.625, 11, 10.375 ],
    "faces": {
        "down":  { "uv": [ 11.5, 16, 10.375, 11.875 ], "texture": "#texture" },
        "up":    { "uv": [ 10.4375, 11.875, 11.5625, 16 ], "texture": "#texture" },
        "north": { "uv": [ 11.4375, 12.0625, 10.3125, 13.6875 ], "texture": "#texture" },
        "south": { "uv": [ 10.375, 14.375, 11.5, 16 ], "texture": "#texture" },
        "west":  { "uv": [ 0.25, 5, 4.375, 6.625 ], "texture": "#texture" },
        "east":  { "uv": [ 4.375, 5, 0.25, 6.625 ], "texture": "#texture" }
    }
},
{
    "__comment": "PPBizon",
    "from": [ 7.5, 6.75, 6.375 ],
    "to": [ 8.625, 7, 7.375 ],
    "faces": {
        "down":  { "uv": [ 11.5625, 13.9375, 10.4375, 12.9375 ], "texture": "#texture" },
        "up":    { "uv": [ 10.3125, 12.875, 11.4375, 13.875 ], "texture": "#texture" },
        "north": { "uv": [ 11.4375, 13.0625, 10.3125, 13.3125 ], "texture": "#texture" },
        "south": { "uv": [ 10.375, 13.375, 11.5, 13.625 ], "texture": "#texture" },
        "west":  { "uv": [ 0.375, 9, 1.375, 9.25 ], "texture": "#texture" },
        "east":  { "uv": [ 1.375, 9, 0.375, 9.25 ], "texture": "#texture" }
    }
},
{
    "__comment": "PPBizon",
    "from": [ 7.5, 11, 6.375 ],
    "to": [ 8.625, 11.25, 13.625 ],
    "faces": {
        "down":  { "uv": [ 3, 16, 2, 9.625 ], "texture": "#texture" },
        "up":    { "uv": [ 1.875, 9.25, 2.875, 16 ], "texture": "#texture" },
        "north": { "uv": [ 11.1875, 5.125, 10.0625, 5.375 ], "texture": "#texture" },
        "south": { "uv": [ 9.5, 5, 10.625, 5.25 ], "texture": "#texture" },
        "west":  { "uv": [ 0.375, 4.75, 7.625, 5 ], "texture": "#texture" },
        "east":  { "uv": [ 7.625, 4.75, 0.375, 5 ], "texture": "#texture" }
    }
},
{
    "__comment": "PPBizon",
    "from": [ 7.5, 7, 6.5 ],
    "to": [ 8.625, 7.375, 7.5 ],
    "faces": {
        "down":  { "uv": [ 11.5, 13.5625, 10.375, 12.5625 ], "texture": "#texture" },
        "up":    { "uv": [ 10.3125, 13.25, 11.4375, 14.25 ], "texture": "#texture" },
        "north": { "uv": [ 11.5, 13.75, 10.375, 14.125 ], "texture": "#texture" },
        "south": { "uv": [ 10.375, 13.4375, 11.5, 13.8125 ], "texture": "#texture" },
        "west":  { "uv": [ 0.5, 8.625, 1.5, 9 ], "texture": "#texture" },
        "east":  { "uv": [ 1.5, 8.625, 0.5, 9 ], "texture": "#texture" }
    }
},
{
    "__comment": "PPBizon",
    "from": [ 7.5, 11.25, 6.5 ],
    "to": [ 8.625, 11.375, 15.625 ],
    "faces": {
        "down":  { "uv": [ 2.6875, 16, 2.1875, 9.4375 ], "texture": "#texture" },
        "up":    { "uv": [ 2.125, 9.625, 2.8125, 16 ], "texture": "#texture" },
        "north": { "uv": [ 11.4375, 12.9375, 10.3125, 13.0625 ], "texture": "#texture" },
        "south": { "uv": [ 7.5, 4.625, 8.625, 4.75 ], "texture": "#texture" },
        "west":  { "uv": [ 0.5, 4.625, 9.625, 4.75 ], "texture": "#texture" },
        "east":  { "uv": [ 9.625, 4.625, 0.5, 4.75 ], "texture": "#texture" }
    }
},
{
    "__comment": "PPBizon",
    "from": [ 7.5, 7.375, 6.625 ],
    "to": [ 8.625, 7.75, 7.625 ],
    "faces": {
        "down":  { "uv": [ 11.5625, 12.8125, 10.4375, 11.8125 ], "texture": "#texture" },
        "up":    { "uv": [ 10.375, 12.4375, 11.5, 13.4375 ], "texture": "#texture" },
        "north": { "uv": [ 11.5625, 12.125, 10.4375, 12.5 ], "texture": "#texture" },
        "south": { "uv": [ 10.3125, 12.5, 11.4375, 12.875 ], "texture": "#texture" },
        "west":  { "uv": [ 0.625, 8.25, 1.625, 8.625 ], "texture": "#texture" },
        "east":  { "uv": [ 1.625, 8.25, 0.625, 8.625 ], "texture": "#texture" }
    }
},
{
    "__comment": "PPBizon",
    "from": [ 7.5, 7.75, 6.75 ],
    "to": [ 8.625, 8.125, 7.75 ],
    "faces": {
        "down":  { "uv": [ 11.5, 14.5625, 10.375, 13.5625 ], "texture": "#texture" },
        "up":    { "uv": [ 10.375, 12.1875, 11.5, 13.1875 ], "texture": "#texture" },
        "north": { "uv": [ 11.4375, 13.4375, 10.3125, 13.8125 ], "texture": "#texture" },
        "south": { "uv": [ 10.375, 12.875, 11.5, 13.25 ], "texture": "#texture" },
        "west":  { "uv": [ 0.75, 7.875, 1.75, 8.25 ], "texture": "#texture" },
        "east":  { "uv": [ 1.75, 7.875, 0.75, 8.25 ], "texture": "#texture" }
    }
},
{
    "__comment": "PPBizon",
    "from": [ 7.5, 8.875, 6.75 ],
    "to": [ 8.625, 9.375, 8.5 ],
    "faces": {
        "down":  { "uv": [ 11.4375, 14.6875, 10.3125, 12.9375 ], "texture": "#texture" },
        "north": { "uv": [ 11.4375, 12.9375, 10.3125, 13.4375 ], "texture": "#texture" },
        "south": { "uv": [ 10.4375, 12.625, 11.5625, 13.125 ], "texture": "#texture" },
        "west":  { "uv": [ 0.75, 6.625, 2.5, 7.125 ], "texture": "#texture" },
        "east":  { "uv": [ 2.5, 6.625, 0.75, 7.125 ], "texture": "#texture" }
    }
},
{
    "__comment": "PPBizon",
    "from": [ 7.5, 8.125, 6.875 ],
    "to": [ 8.625, 8.625, 7.875 ],
    "faces": {
        "down":  { "uv": [ 11.5, 14.25, 10.375, 13.25 ], "texture": "#texture" },
        "up":    { "uv": [ 10.375, 11.9375, 11.5, 12.9375 ], "texture": "#texture" },
        "north": { "uv": [ 11.5, 13.9375, 10.375, 14.4375 ], "texture": "#texture" },
        "south": { "uv": [ 10.25, 12.1875, 11.375, 12.6875 ], "texture": "#texture" },
        "west":  { "uv": [ 0.875, 7.375, 1.875, 7.875 ], "texture": "#texture" },
        "east":  { "uv": [ 1.875, 7.375, 0.875, 7.875 ], "texture": "#texture" }
    }
},
{
    "__comment": "PPBizon",
    "from": [ 7.5, 8.75, 6.875 ],
    "to": [ 8.625, 8.875, 8.5 ],
    "faces": {
        "down":  { "uv": [ 11.5, 14.8125, 10.375, 13.1875 ], "texture": "#texture" },
        "north": { "uv": [ 11.4375, 12.9375, 10.3125, 13.0625 ], "texture": "#texture" },
        "south": { "uv": [ 10.375, 12.4375, 11.5, 12.5625 ], "texture": "#texture" },
        "west":  { "uv": [ 0.875, 7.125, 2.5, 7.25 ], "texture": "#texture" },
        "east":  { "uv": [ 2.5, 7.125, 0.875, 7.25 ], "texture": "#texture" }
    }
},
{
    "__comment": "PPBizon",
    "from": [ 7.5, 8.625, 7 ],
    "to": [ 8.625, 8.75, 8.5 ],
    "faces": {
        "down":  { "uv": [ 3.0625, 13.375, 1.9375, 11.875 ], "texture": "#texture" },
        "north": { "uv": [ 2.9375, 12.6875, 1.8125, 12.8125 ], "texture": "#texture" },
        "south": { "uv": [ 1.9375, 11.375, 3.0625, 11.5 ], "texture": "#texture" },
        "west":  { "uv": [ 1, 7.25, 2.5, 7.375 ], "texture": "#texture" },
        "east":  { "uv": [ 2.5, 7.25, 1, 7.375 ], "texture": "#texture" }
    }
},
{
    "__comment": "PPBizon",
    "from": [ 7.5, 6.25, 7.125 ],
    "to": [ 8.625, 6.375, 7.25 ],
    "faces": {
        "down":  { "uv": [ 8.5, 1.25, 7.375, 1.125 ], "texture": "#texture" },
        "south": { "uv": [ 7.5, 9.625, 8.625, 9.75 ], "texture": "#texture" },
        "west":  { "uv": [ 1.125, 9.625, 1.25, 9.75 ], "texture": "#texture" },
        "east":  { "uv": [ 1.25, 9.625, 1.125, 9.75 ], "texture": "#texture" }
    }
},
{
    "__comment": "PPBizon",
    "from": [ 7.5, 6.625, 7.25 ],
    "to": [ 8.625, 6.75, 7.375 ],
    "faces": {
        "down":  { "uv": [ 8.5, 1.375, 7.375, 1.25 ], "texture": "#texture" },
        "south": { "uv": [ 7.5, 9.25, 8.625, 9.375 ], "texture": "#texture" },
        "west":  { "uv": [ 1.25, 9.25, 1.375, 9.375 ], "texture": "#texture" },
        "east":  { "uv": [ 1.375, 9.25, 1.25, 9.375 ], "texture": "#texture" }
    }
},
{
    "__comment": "PPBizon",
    "from": [ 7.5, 6.875, 7.375 ],
    "to": [ 8.625, 7, 7.5 ],
    "faces": {
        "down":  { "uv": [ 8.5, 1.5, 7.375, 1.375 ], "texture": "#texture" },
        "south": { "uv": [ 7.5, 9, 8.625, 9.125 ], "texture": "#texture" },
        "west":  { "uv": [ 1.375, 9, 1.5, 9.125 ], "texture": "#texture" },
        "east":  { "uv": [ 1.5, 9, 1.375, 9.125 ], "texture": "#texture" }
    }
},
{
    "__comment": "PPBizon",
    "from": [ 7.5, 7.25, 7.5 ],
    "to": [ 8.625, 7.375, 7.625 ],
    "faces": {
        "down":  { "uv": [ 8.5, 1.625, 7.375, 1.5 ], "texture": "#texture" },
        "south": { "uv": [ 7.5, 8.625, 8.625, 8.75 ], "texture": "#texture" },
        "west":  { "uv": [ 1.5, 8.625, 1.625, 8.75 ], "texture": "#texture" },
        "east":  { "uv": [ 1.625, 8.625, 1.5, 8.75 ], "texture": "#texture" }
    }
},
{
    "__comment": "PPBizon",
    "from": [ 7.5, 7.625, 7.625 ],
    "to": [ 8.625, 7.75, 7.75 ],
    "faces": {
        "down":  { "uv": [ 8.5, 1.75, 7.375, 1.625 ], "texture": "#texture" },
        "south": { "uv": [ 7.5, 8.25, 8.625, 8.375 ], "texture": "#texture" },
        "west":  { "uv": [ 1.625, 8.25, 1.75, 8.375 ], "texture": "#texture" },
        "east":  { "uv": [ 1.75, 8.25, 1.625, 8.375 ], "texture": "#texture" }
    }
},
{
    "__comment": "PPBizon",
    "from": [ 7.5, 8, 7.75 ],
    "to": [ 8.625, 8.125, 7.875 ],
    "faces": {
        "down":  { "uv": [ 8.5, 1.875, 7.375, 1.75 ], "texture": "#texture" },
        "south": { "uv": [ 7.5, 7.875, 8.625, 8 ], "texture": "#texture" },
        "west":  { "uv": [ 1.75, 7.875, 1.875, 8 ], "texture": "#texture" },
        "east":  { "uv": [ 1.875, 7.875, 1.75, 8 ], "texture": "#texture" }
    }
},
{
    "__comment": "PPBizon",
    "from": [ 7.5, 8.375, 7.875 ],
    "to": [ 8.625, 8.625, 8 ],
    "faces": {
        "down":  { "uv": [ 8.5, 2, 7.375, 1.875 ], "texture": "#texture" },
        "south": { "uv": [ 7.5, 7.375, 8.625, 7.625 ], "texture": "#texture" },
        "west":  { "uv": [ 1.875, 7.375, 2, 7.625 ], "texture": "#texture" },
        "east":  { "uv": [ 2, 7.375, 1.875, 7.625 ], "texture": "#texture" }
    }
},
{
    "__comment": "PPBizon",
    "from": [ 7.5, 8.5, 8 ],
    "to": [ 8.625, 8.625, 8.5 ],
    "faces": {
        "down":  { "uv": [ 3, 12.75, 1.875, 12.25 ], "texture": "#texture" },
        "south": { "uv": [ 1.8125, 13.125, 2.9375, 13.25 ], "texture": "#texture" },
        "west":  { "uv": [ 2, 7.375, 2.5, 7.5 ], "texture": "#texture" },
        "east":  { "uv": [ 2.5, 7.375, 2, 7.5 ], "texture": "#texture" }
    }
},
{
    "__comment": "PPBizon",
    "from": [ 7.5, 9.5, 10.375 ],
    "to": [ 8.625, 11, 11.625 ],
    "faces": {
        "down":  { "uv": [ 3.0625, 14.1875, 1.9375, 12.9375 ], "texture": "#texture" },
        "south": { "uv": [ 1.9375, 12.8125, 3.0625, 14.3125 ], "texture": "#texture" },
        "west":  { "uv": [ 4.375, 5, 5.625, 6.5 ], "texture": "#texture" },
        "east":  { "uv": [ 5.625, 5, 4.375, 6.5 ], "texture": "#texture" }
    }
},
{
    "__comment": "PPBizon",
    "from": [ 7.5, 10, 11.625 ],
    "to": [ 8.625, 10.75, 15.875 ],
    "faces": {
        "down":  { "uv": [ 11.5, 16, 10.375, 11.75 ], "texture": "#texture" },
        "up":    { "uv": [ 10.5, 11.75, 11.625, 16 ], "texture": "#texture" },
        "south": { "uv": [ 7.5, 5.25, 8.625, 6 ], "texture": "#texture" },
        "west":  { "uv": [ 5.625, 5.25, 9.875, 6 ], "texture": "#texture" },
        "east":  { "uv": [ 9.875, 5.25, 5.625, 6 ], "texture": "#texture" }
    }
},
{
    "__comment": "PPBizon",
    "from": [ 7.5, 10.75, 11.625 ],
    "to": [ 8.625, 11, 13.625 ],
    "faces": {
        "west":  { "uv": [ 5.625, 5, 7.625, 5.25 ], "texture": "#texture" },
        "east":  { "uv": [ 7.625, 5, 5.625, 5.25 ], "texture": "#texture" }
    }
},
{
    "__comment": "PPBizon",
    "from": [ 7.5, 8.25, 12 ],
    "to": [ 8.625, 8.375, 19.125 ],
    "faces": {
        "down":  { "uv": [ 13.5625, 16, 12.4375, 8.875 ], "texture": "#texture" },
        "west":  { "uv": [ 6, 7.625, 13.125, 7.75 ], "texture": "#texture" },
        "east":  { "uv": [ 13.125, 7.625, 6, 7.75 ], "texture": "#texture" }
    }
},
{
    "__comment": "PPBizon",
    "from": [ 7.5, 9.5, 12 ],
    "to": [ 8.625, 9.625, 19.125 ],
    "faces": {
        "up":    { "uv": [ 12.8125, 9.125, 13.5, 16 ], "texture": "#texture" },
        "west":  { "uv": [ 6, 6.375, 13.125, 6.5 ], "texture": "#texture" },
        "east":  { "uv": [ 13.125, 6.375, 6, 6.5 ], "texture": "#texture" }
    }
},
{
    "__comment": "PPBizon",
    "from": [ 7.5, 11.125, 13.625 ],
    "to": [ 8.625, 11.25, 15.875 ],
    "faces": {
        "down":  { "uv": [ 8.5, 9.875, 7.375, 7.625 ], "texture": "#texture" },
        "up":    { "uv": [ 7.5, 7.625, 8.625, 9.875 ], "texture": "#texture" },
        "south": { "uv": [ 7.5, 4.75, 8.625, 4.875 ], "texture": "#texture" },
        "west":  { "uv": [ 7.625, 4.75, 9.875, 4.875 ], "texture": "#texture" },
        "east":  { "uv": [ 9.875, 4.75, 7.625, 4.875 ], "texture": "#texture" }
    }
},
{
    "__comment": "PPBizon",
    "from": [ 7.5, 10.6875, 13.625 ],
    "to": [ 8.625, 11.125, 15.875 ],
    "faces": {
        "south": { "uv": [ 7.5, 4.875, 8.625, 5.25 ], "texture": "#texture" },
        "west":  { "uv": [ 7.75, 4.875, 9.875, 5.25 ], "texture": "#texture" },
        "east":  { "uv": [ 9.875, 4.875, 7.75, 5.25 ], "texture": "#texture" }
    }
},
{
    "__comment": "PPBizon",
    "from": [ 7.5, 8.125, 19.125 ],
    "to": [ 8.625, 8.25, 20 ],
    "faces": {
        "down":  { "uv": [ 8.5, 14, 7.375, 13.125 ], "texture": "#texture" },
        "north": { "uv": [ 8.625, 7.75, 7.5, 7.875 ], "texture": "#texture" },
        "south": { "uv": [ 7.5, 7.75, 8.625, 7.875 ], "texture": "#texture" },
        "west":  { "uv": [ 13.125, 7.75, 14, 7.875 ], "texture": "#texture" },
        "east":  { "uv": [ 14, 7.75, 13.125, 7.875 ], "texture": "#texture" }
    }
},
{
    "__comment": "PPBizon",
    "from": [ 7.625, 5.875, 6 ],
    "to": [ 8.5, 6.375, 6.125 ],
    "faces": {
        "down":  { "uv": [ 11.375, 12.8125, 10.5, 12.6875 ], "texture": "#texture" },
        "up":    { "uv": [ 10.5625, 13.5625, 11.4375, 13.6875 ], "texture": "#texture" },
        "north": { "uv": [ 11.375, 12.6875, 10.5, 13.1875 ], "texture": "#texture" },
        "south": { "uv": [ 10.6875, 14.0625, 11.5625, 14.5625 ], "texture": "#texture" },
        "west":  { "uv": [ 0, 9.625, 0.125, 10.125 ], "texture": "#texture" },
        "east":  { "uv": [ 0.125, 9.625, 0, 10.125 ], "texture": "#texture" }
    }
},
{
    "__comment": "PPBizon",
    "from": [ 7.625, 5.75, 6.125 ],
    "to": [ 8.5, 5.875, 6.25 ],
    "faces": {
        "down":  { "uv": [ 2.75, 12.3125, 1.875, 12.1875 ], "texture": "#texture" },
        "north": { "uv": [ 2.8125, 14.4375, 1.9375, 14.5625 ], "texture": "#texture" },
        "west":  { "uv": [ 0.125, 10.125, 0.25, 10.25 ], "texture": "#texture" },
        "east":  { "uv": [ 0.25, 10.125, 0.125, 10.25 ], "texture": "#texture" }
    }
},
{
    "__comment": "PPBizon",
    "from": [ 7.625, 6.375, 6.125 ],
    "to": [ 8.5, 6.75, 6.25 ],
    "faces": {
        "up":    { "uv": [ 10.5, 12.875, 11.375, 13 ], "texture": "#texture" },
        "north": { "uv": [ 11.3125, 13.1875, 10.4375, 13.5625 ], "texture": "#texture" },
        "west":  { "uv": [ 0.125, 9.25, 0.25, 9.625 ], "texture": "#texture" },
        "east":  { "uv": [ 0.25, 9.25, 0.125, 9.625 ], "texture": "#texture" }
    }
},
{
    "__comment": "PPBizon",
    "from": [ 7.625, 6.75, 6.25 ],
    "to": [ 8.5, 7, 6.375 ],
    "faces": {
        "up":    { "uv": [ 10.375, 12.4375, 11.25, 12.5625 ], "texture": "#texture" },
        "north": { "uv": [ 11.3125, 13.9375, 10.4375, 14.1875 ], "texture": "#texture" },
        "west":  { "uv": [ 0.25, 9, 0.375, 9.25 ], "texture": "#texture" },
        "east":  { "uv": [ 0.375, 9, 0.25, 9.25 ], "texture": "#texture" }
    }
},
{
    "__comment": "PPBizon",
    "from": [ 7.625, 7, 6.375 ],
    "to": [ 8.5, 7.375, 6.5 ],
    "faces": {
        "up":    { "uv": [ 10.5, 14, 11.375, 14.125 ], "texture": "#texture" },
        "north": { "uv": [ 11.3125, 13.1875, 10.4375, 13.5625 ], "texture": "#texture" },
        "west":  { "uv": [ 0.375, 8.625, 0.5, 9 ], "texture": "#texture" },
        "east":  { "uv": [ 0.5, 8.625, 0.375, 9 ], "texture": "#texture" }
    }
},
{
    "__comment": "PPBizon",
    "from": [ 7.625, 7.375, 6.5 ],
    "to": [ 8.5, 7.75, 6.625 ],
    "faces": {
        "up":    { "uv": [ 10.4375, 13.0625, 11.3125, 13.1875 ], "texture": "#texture" },
        "north": { "uv": [ 11.25, 12.8125, 10.375, 13.1875 ], "texture": "#texture" },
        "west":  { "uv": [ 0.5, 8.25, 0.625, 8.625 ], "texture": "#texture" },
        "east":  { "uv": [ 0.625, 8.25, 0.5, 8.625 ], "texture": "#texture" }
    }
},
{
    "__comment": "PPBizon",
    "from": [ 7.625, 7.75, 6.625 ],
    "to": [ 8.5, 8.125, 6.75 ],
    "faces": {
        "up":    { "uv": [ 10.4375, 13.0625, 11.3125, 13.1875 ], "texture": "#texture" },
        "north": { "uv": [ 11.3125, 13.1875, 10.4375, 13.5625 ], "texture": "#texture" },
        "west":  { "uv": [ 0.625, 7.875, 0.75, 8.25 ], "texture": "#texture" },
        "east":  { "uv": [ 0.75, 7.875, 0.625, 8.25 ], "texture": "#texture" }
    }
},
{
    "__comment": "PPBizon",
    "from": [ 7.625, 8.875, 6.625 ],
    "to": [ 8.5, 9.375, 6.75 ],
    "faces": {
        "down":  { "uv": [ 11.3125, 12.8125, 10.4375, 12.6875 ], "texture": "#texture" },
        "north": { "uv": [ 11.375, 13, 10.5, 13.5 ], "texture": "#texture" },
        "west":  { "uv": [ 0.625, 6.625, 0.75, 7.125 ], "texture": "#texture" },
        "east":  { "uv": [ 0.75, 6.625, 0.625, 7.125 ], "texture": "#texture" }
    }
},
{
    "__comment": "PPBizon",
    "from": [ 7.625, 11.375, 6.625 ],
    "to": [ 8.5, 11.5, 20.125 ],
    "faces": {
        "down":  { "uv": [ 11.125, 16, 10.8125, 11.0625 ], "texture": "#texture" },
        "up":    { "uv": [ 10.75, 11.3125, 11.1875, 16 ], "texture": "#texture" },
        "north": { "uv": [ 11.4375, 5.125, 10.5625, 5.25 ], "texture": "#texture" },
        "south": { "uv": [ 7.625, 4.5, 8.5, 4.625 ], "texture": "#texture" },
        "west":  { "uv": [ 0.625, 4.5, 14.125, 4.625 ], "texture": "#texture" },
        "east":  { "uv": [ 14.125, 4.5, 0.625, 4.625 ], "texture": "#texture" }
    }
},
{
    "__comment": "PPBizon",
    "from": [ 7.625, 8.125, 6.75 ],
    "to": [ 8.5, 8.625, 6.875 ],
    "faces": {
        "up":    { "uv": [ 10.5, 13.625, 11.375, 13.75 ], "texture": "#texture" },
        "north": { "uv": [ 11.3125, 13.125, 10.4375, 13.625 ], "texture": "#texture" },
        "west":  { "uv": [ 0.75, 7.375, 0.875, 7.875 ], "texture": "#texture" },
        "east":  { "uv": [ 0.875, 7.375, 0.75, 7.875 ], "texture": "#texture" }
    }
},
{
    "__comment": "PPBizon",
    "from": [ 7.625, 8.75, 6.75 ],
    "to": [ 8.5, 8.875, 6.875 ],
    "faces": {
        "down":  { "uv": [ 11.3125, 12.1875, 10.4375, 12.0625 ], "texture": "#texture" },
        "north": { "uv": [ 11.3125, 13.3125, 10.4375, 13.4375 ], "texture": "#texture" },
        "west":  { "uv": [ 0.75, 7.125, 0.875, 7.25 ], "texture": "#texture" },
        "east":  { "uv": [ 0.875, 7.125, 0.75, 7.25 ], "texture": "#texture" }
    }
},
{
    "__comment": "PPBizon",
    "from": [ 7.625, 11.5, 6.75 ],
    "to": [ 8.5, 11.625, 20.125 ],
    "faces": {
        "up":    { "uv": [ 10.625, 11.125, 11, 16 ], "texture": "#texture" },
        "north": { "uv": [ 8.5, 4.375, 7.625, 4.5 ], "texture": "#texture" },
        "south": { "uv": [ 7.625, 4.375, 8.5, 4.5 ], "texture": "#texture" },
        "west":  { "uv": [ 0.75, 4.375, 14.125, 4.5 ], "texture": "#texture" },
        "east":  { "uv": [ 14.125, 4.375, 0.75, 4.5 ], "texture": "#texture" }
    }
},
{
    "__comment": "PPBizon",
    "from": [ 7.625, 8.625, 6.875 ],
    "to": [ 8.625, 8.75, 7 ],
    "faces": {
        "north": { "uv": [ 11.375, 13.9375, 10.375, 14.0625 ], "texture": "#texture" },
        "west":  { "uv": [ 0.875, 7.25, 1, 7.375 ], "texture": "#texture" },
        "east":  { "uv": [ 1, 7.25, 0.875, 7.375 ], "texture": "#texture" }
    }
},
{
    "__comment": "PPBizon",
    "from": [ 7.625, 6, 7.125 ],
    "to": [ 8.5, 6.25, 7.25 ],
    "faces": {
        "south": { "uv": [ 1.9375, 12.3125, 2.8125, 12.5625 ], "texture": "#texture" },
        "west":  { "uv": [ 1.125, 9.75, 1.25, 10 ], "texture": "#texture" },
        "east":  { "uv": [ 1.25, 9.75, 1.125, 10 ], "texture": "#texture" }
    }
},
{
    "__comment": "PPBizon",
    "from": [ 7.625, 5.75, 7.25 ],
    "to": [ 8.5, 6, 7.375 ],
    "faces": {
        "down":  { "uv": [ 2.875, 11.0625, 2, 10.9375 ], "texture": "#texture" },
        "up":    { "uv": [ 7.625, 1.25, 8.5, 1.375 ], "texture": "#texture" },
        "north": { "uv": [ 8.5, 10, 7.625, 10.25 ], "texture": "#texture" },
        "south": { "uv": [ 2, 13.1875, 2.875, 13.4375 ], "texture": "#texture" },
        "west":  { "uv": [ 1.25, 10, 1.375, 10.25 ], "texture": "#texture" },
        "east":  { "uv": [ 1.375, 10, 1.25, 10.25 ], "texture": "#texture" }
    }
},
{
    "__comment": "PPBizon",
    "from": [ 7.625, 6.25, 7.25 ],
    "to": [ 8.5, 6.625, 7.375 ],
    "faces": {
        "down":  { "uv": [ 2.9375, 10.6875, 2.0625, 10.5625 ], "texture": "#texture" },
        "north": { "uv": [ 8.5, 9.375, 7.625, 9.75 ], "texture": "#texture" },
        "south": { "uv": [ 2.0625, 12.8125, 2.9375, 13.1875 ], "texture": "#texture" },
        "west":  { "uv": [ 1.25, 9.375, 1.375, 9.75 ], "texture": "#texture" },
        "east":  { "uv": [ 1.375, 9.375, 1.25, 9.75 ], "texture": "#texture" }
    }
},
{
    "__comment": "PPBizon",
    "from": [ 7.625, 6.625, 7.375 ],
    "to": [ 8.5, 6.875, 7.5 ],
    "faces": {
        "down":  { "uv": [ 2.875, 11.5625, 2, 11.4375 ], "texture": "#texture" },
        "north": { "uv": [ 8.5, 9.125, 7.625, 9.375 ], "texture": "#texture" },
        "south": { "uv": [ 2, 13.25, 2.875, 13.5 ], "texture": "#texture" },
        "west":  { "uv": [ 1.375, 9.125, 1.5, 9.375 ], "texture": "#texture" },
        "east":  { "uv": [ 1.5, 9.125, 1.375, 9.375 ], "texture": "#texture" }
    }
},
{
    "__comment": "PPBizon",
    "from": [ 7.625, 6.875, 7.5 ],
    "to": [ 8.5, 7.25, 7.625 ],
    "faces": {
        "down":  { "uv": [ 2.75, 12.8125, 1.875, 12.6875 ], "texture": "#texture" },
        "north": { "uv": [ 8.5, 8.75, 7.625, 9.125 ], "texture": "#texture" },
        "south": { "uv": [ 1.9375, 14, 2.8125, 14.375 ], "texture": "#texture" },
        "west":  { "uv": [ 1.5, 8.75, 1.625, 9.125 ], "texture": "#texture" },
        "east":  { "uv": [ 1.625, 8.75, 1.5, 9.125 ], "texture": "#texture" }
    }
},
{
    "__comment": "PPBizon",
    "from": [ 7.625, 7.25, 7.625 ],
    "to": [ 8.5, 7.625, 7.75 ],
    "faces": {
        "down":  { "uv": [ 2.8125, 11.6875, 1.9375, 11.5625 ], "texture": "#texture" },
        "north": { "uv": [ 8.5, 8.375, 7.625, 8.75 ], "texture": "#texture" },
        "south": { "uv": [ 1.9375, 10.9375, 2.8125, 11.3125 ], "texture": "#texture" },
        "west":  { "uv": [ 1.625, 8.375, 1.75, 8.75 ], "texture": "#texture" },
        "east":  { "uv": [ 1.75, 8.375, 1.625, 8.75 ], "texture": "#texture" }
    }
},
{
    "__comment": "PPBizon",
    "from": [ 7.625, 7.625, 7.75 ],
    "to": [ 8.5, 8, 7.875 ],
    "faces": {
        "down":  { "uv": [ 2.875, 10.8125, 2, 10.6875 ], "texture": "#texture" },
        "north": { "uv": [ 8.5, 8, 7.625, 8.375 ], "texture": "#texture" },
        "south": { "uv": [ 2, 13, 2.875, 13.375 ], "texture": "#texture" },
        "west":  { "uv": [ 1.75, 8, 1.875, 8.375 ], "texture": "#texture" },
        "east":  { "uv": [ 1.875, 8, 1.75, 8.375 ], "texture": "#texture" }
    }
},
{
    "__comment": "PPBizon",
    "from": [ 7.625, 8, 7.875 ],
    "to": [ 8.5, 8.375, 8 ],
    "faces": {
        "down":  { "uv": [ 2.75, 11.9375, 1.875, 11.8125 ], "texture": "#texture" },
        "north": { "uv": [ 8.5, 7.625, 7.625, 8 ], "texture": "#texture" },
        "south": { "uv": [ 1.9375, 11.75, 2.8125, 12.125 ], "texture": "#texture" },
        "west":  { "uv": [ 1.875, 7.625, 2, 8 ], "texture": "#texture" },
        "east":  { "uv": [ 2, 7.625, 1.875, 8 ], "texture": "#texture" }
    }
},
{
    "__comment": "PPBizon",
    "from": [ 7.625, 8.25, 8 ],
    "to": [ 8.5, 8.5, 8.125 ],
    "faces": {
        "down":  { "uv": [ 2.6875, 12.1875, 1.8125, 12.0625 ], "texture": "#texture" },
        "north": { "uv": [ 2.8125, 12.4375, 1.9375, 12.6875 ], "texture": "#texture" },
        "south": { "uv": [ 1.9375, 12.5625, 2.8125, 12.8125 ], "texture": "#texture" },
        "west":  { "uv": [ 2, 7.5, 2.125, 7.75 ], "texture": "#texture" },
        "east":  { "uv": [ 2.125, 7.5, 2, 7.75 ], "texture": "#texture" }
    }
},
{
    "__comment": "PPBizon",
    "from": [ 7.625, 8.375, 8.125 ],
    "to": [ 8.5, 8.5, 8.5 ],
    "faces": {
        "down":  { "uv": [ 2.8125, 12.6875, 1.9375, 12.3125 ], "texture": "#texture" },
        "south": { "uv": [ 1.9375, 12.1875, 2.8125, 12.3125 ], "texture": "#texture" },
        "west":  { "uv": [ 2.125, 7.5, 2.5, 7.625 ], "texture": "#texture" },
        "east":  { "uv": [ 2.5, 7.5, 2.125, 7.625 ], "texture": "#texture" }
    }
},
{
    "__comment": "PPBizon",
    "from": [ 7.625, 8.375, 10.5 ],
    "to": [ 8.5, 9.5, 11.125 ],
    "faces": {
        "down":  { "uv": [ 11.3125, 13, 10.4375, 12.375 ], "texture": "#texture" },
        "north": { "uv": [ 11.25, 12.9375, 10.375, 14.0625 ], "texture": "#texture" },
        "south": { "uv": [ 10.375, 13.1875, 11.25, 14.3125 ], "texture": "#texture" },
        "west":  { "uv": [ 4.5, 6.5, 5.125, 7.625 ], "texture": "#texture" },
        "east":  { "uv": [ 5.125, 6.5, 4.5, 7.625 ], "texture": "#texture" }
    }
},
{
    "__comment": "PPBizon",
    "from": [ 7.625, 8, 11.75 ],
    "to": [ 8.625, 8.125, 12 ],
    "faces": {
        "down":  { "uv": [ 8.375, 6, 7.375, 5.75 ], "texture": "#texture" },
        "north": { "uv": [ 8.625, 7.875, 7.625, 8 ], "texture": "#texture" },
        "south": { "uv": [ 7.625, 7.875, 8.625, 8 ], "texture": "#texture" },
        "west":  { "uv": [ 5.75, 7.875, 6, 8 ], "texture": "#texture" },
        "east":  { "uv": [ 6, 7.875, 5.75, 8 ], "texture": "#texture" }
    }
},
{
    "__comment": "PPBizon",
    "from": [ 7.625, 8.125, 12 ],
    "to": [ 8.5, 8.25, 19.125 ],
    "faces": {
        "down":  { "uv": [ 13.5, 16, 12.625, 8.875 ], "texture": "#texture" },
        "west":  { "uv": [ 6, 7.75, 13.125, 7.875 ], "texture": "#texture" },
        "east":  { "uv": [ 13.125, 7.75, 6, 7.875 ], "texture": "#texture" }
    }
},
{
    "__comment": "PPBizon",
    "from": [ 7.625, 11.25, 15.625 ],
    "to": [ 8.5, 11.375, 20.125 ],
    "faces": {
        "down":  { "uv": [ 8.375, 14.125, 7.5, 9.625 ], "texture": "#texture" },
        "south": { "uv": [ 7.625, 4.625, 8.5, 4.75 ], "texture": "#texture" },
        "west":  { "uv": [ 9.625, 4.625, 14.125, 4.75 ], "texture": "#texture" },
        "east":  { "uv": [ 14.125, 4.625, 9.625, 4.75 ], "texture": "#texture" }
    }
},
{
    "__comment": "PPBizon",
    "from": [ 7.625, 10, 15.875 ],
    "to": [ 8.5, 11.25, 19.125 ],
    "faces": {
        "down":  { "uv": [ 11.4375, 16, 10.5625, 12.75 ], "texture": "#texture" },
        "north": { "uv": [ 11.25, 12.375, 10.375, 13.625 ], "texture": "#texture" },
        "south": { "uv": [ 10.5, 13.125, 11.375, 14.375 ], "texture": "#texture" },
        "west":  { "uv": [ 9.875, 4.75, 13.125, 6 ], "texture": "#texture" },
        "east":  { "uv": [ 13.125, 4.75, 9.875, 6 ], "texture": "#texture" }
    }
},
{
    "__comment": "PPBizon",
    "from": [ 7.625, 8, 19.125 ],
    "to": [ 8.5, 8.125, 20 ],
    "faces": {
        "down":  { "uv": [ 8.375, 14, 7.5, 13.125 ], "texture": "#texture" },
        "north": { "uv": [ 8.5, 7.875, 7.625, 8 ], "texture": "#texture" },
        "south": { "uv": [ 7.625, 7.875, 8.5, 8 ], "texture": "#texture" },
        "west":  { "uv": [ 13.125, 7.875, 14, 8 ], "texture": "#texture" },
        "east":  { "uv": [ 14, 7.875, 13.125, 8 ], "texture": "#texture" }
    }
},
{
    "__comment": "PPBizon",
    "from": [ 7.625, 9.625, 19.125 ],
    "to": [ 8.625, 9.75, 20 ],
    "faces": {
        "up":    { "uv": [ 7.625, 13.125, 8.625, 14 ], "texture": "#texture" },
        "north": { "uv": [ 8.625, 6.25, 7.625, 6.375 ], "texture": "#texture" },
        "south": { "uv": [ 7.625, 6.25, 8.625, 6.375 ], "texture": "#texture" },
        "west":  { "uv": [ 13.125, 6.25, 14, 6.375 ], "texture": "#texture" },
        "east":  { "uv": [ 14, 6.25, 13.125, 6.375 ], "texture": "#texture" }
    }
},
{
    "__comment": "PPBizon",
    "from": [ 7.625, 10.375, 19.125 ],
    "to": [ 8.5, 11.25, 19.25 ],
    "faces": {
        "down":  { "uv": [ 8.375, 13.25, 7.5, 13.125 ], "texture": "#texture" },
        "south": { "uv": [ 7.625, 4.75, 8.5, 5.625 ], "texture": "#texture" },
        "west":  { "uv": [ 13.125, 4.75, 13.25, 5.625 ], "texture": "#texture" },
        "east":  { "uv": [ 13.25, 4.75, 13.125, 5.625 ], "texture": "#texture" }
    }
},
{
    "__comment": "PPBizon",
    "from": [ 7.625, 10.5, 19.25 ],
    "to": [ 8.5, 11.25, 19.875 ],
    "faces": {
        "down":  { "uv": [ 11.3125, 14.25, 10.4375, 13.625 ], "texture": "#texture" },
        "south": { "uv": [ 10.4375, 12.375, 11.3125, 13.125 ], "texture": "#texture" },
        "west":  { "uv": [ 13.25, 4.75, 13.875, 5.5 ], "texture": "#texture" },
        "east":  { "uv": [ 13.875, 4.75, 13.25, 5.5 ], "texture": "#texture" }
    }
},
{
    "__comment": "PPBizon",
    "from": [ 7.625, 10.75, 19.875 ],
    "to": [ 8.5, 11.25, 20 ],
    "faces": {
        "down":  { "uv": [ 8.375, 14, 7.5, 13.875 ], "texture": "#texture" },
        "south": { "uv": [ 7.625, 4.75, 8.5, 5.25 ], "texture": "#texture" },
        "west":  { "uv": [ 13.875, 4.75, 14, 5.25 ], "texture": "#texture" },
        "east":  { "uv": [ 14, 4.75, 13.875, 5.25 ], "texture": "#texture" }
    }
},
{
    "__comment": "PPBizon",
    "from": [ 7.75, 9.375, 6.125 ],
    "to": [ 8.625, 11.125, 6.25 ],
    "faces": {
        "down":  { "uv": [ 11.375, 14.0625, 10.5, 13.9375 ], "texture": "#texture" },
        "up":    { "uv": [ 10.5625, 13.3125, 11.4375, 13.4375 ], "texture": "#texture" },
        "north": { "uv": [ 11.3125, 12.3125, 10.4375, 14.0625 ], "texture": "#texture" },
        "south": { "uv": [ 10.5, 12.5, 11.375, 14.25 ], "texture": "#texture" },
        "west":  { "uv": [ 0.125, 4.875, 0.25, 6.625 ], "texture": "#texture" },
        "east":  { "uv": [ 0.25, 4.875, 0.125, 6.625 ], "texture": "#texture" }
    }
},
{
    "__comment": "PPBizon",
    "from": [ 7.75, 11, 6.25 ],
    "to": [ 8.625, 11.25, 6.375 ],
    "faces": {
        "up":    { "uv": [ 7.75, 0.25, 8.625, 0.375 ], "texture": "#texture" },
        "north": { "uv": [ 11.375, 12.4375, 10.5, 12.6875 ], "texture": "#texture" },
        "west":  { "uv": [ 0.25, 4.75, 0.375, 5 ], "texture": "#texture" },
        "east":  { "uv": [ 0.375, 4.75, 0.25, 5 ], "texture": "#texture" }
    }
},
{
    "__comment": "PPBizon",
    "from": [ 7.75, 11.625, 6.875 ],
    "to": [ 8.375, 11.75, 20.125 ],
    "faces": {
        "up":    { "uv": [ 10.75, 11.3125, 11.125, 16 ], "texture": "#texture" },
        "north": { "uv": [ 8.375, 4.25, 7.75, 4.375 ], "texture": "#texture" },
        "south": { "uv": [ 7.75, 4.25, 8.375, 4.375 ], "texture": "#texture" },
        "west":  { "uv": [ 0.875, 4.25, 14.125, 4.375 ], "texture": "#texture" },
        "east":  { "uv": [ 14.125, 4.25, 0.875, 4.375 ], "texture": "#texture" }
    }
},
{
    "__comment": "PPBizon",
    "from": [ 7.75, 8.375, 8.5 ],
    "to": [ 8.375, 8.5, 8.625 ],
    "faces": {
        "down":  { "uv": [ 2.625, 11.5, 2, 11.375 ], "texture": "#texture" },
        "up":    { "uv": [ 2.125, 13.3125, 2.75, 13.4375 ], "texture": "#texture" },
        "south": { "uv": [ 1.8125, 11.75, 2.4375, 11.875 ], "texture": "#texture" },
        "west":  { "uv": [ 2.5, 7.5, 2.625, 7.625 ], "texture": "#texture" },
        "east":  { "uv": [ 2.625, 7.5, 2.5, 7.625 ], "texture": "#texture" }
    }
},
{
    "__comment": "PPBizon",
    "from": [ 7.75, 8.125, 8.625 ],
    "to": [ 8.375, 8.25, 8.75 ],
    "faces": {
        "down":  { "uv": [ 2.5625, 11.9375, 1.9375, 11.8125 ], "texture": "#texture" },
        "up":    { "uv": [ 2.4375, 10.8125, 3.0625, 10.9375 ], "texture": "#texture" },
        "north": { "uv": [ 2.875, 12, 2.25, 12.125 ], "texture": "#texture" },
        "south": { "uv": [ 2.0625, 11.4375, 2.6875, 11.5625 ], "texture": "#texture" },
        "west":  { "uv": [ 2.625, 7.75, 2.75, 7.875 ], "texture": "#texture" },
        "east":  { "uv": [ 2.75, 7.75, 2.625, 7.875 ], "texture": "#texture" }
    }
},
{
    "__comment": "PPBizon",
    "from": [ 7.75, 8, 8.875 ],
    "to": [ 8.375, 8.125, 10.125 ],
    "faces": {
        "down":  { "uv": [ 2.6875, 14.3125, 2.0625, 13.0625 ], "texture": "#texture" },
        "up":    { "uv": [ 10.8125, 12.1875, 11.4375, 13.4375 ], "texture": "#texture" },
        "north": { "uv": [ 2.75, 14, 2.125, 14.125 ], "texture": "#texture" },
        "south": { "uv": [ 2, 12.625, 2.625, 12.75 ], "texture": "#texture" },
        "west":  { "uv": [ 2.875, 7.875, 4.125, 8 ], "texture": "#texture" },
        "east":  { "uv": [ 4.125, 7.875, 2.875, 8 ], "texture": "#texture" }
    }
},
{
    "__comment": "PPBizon",
    "from": [ 7.75, 7.65, -2.125 ],
    "to": [ 8.375, 8.15, -1.75 ],
    "faces": {
        "down":  { "uv": [ 8.9375, 13.25, 8.3125, 12.875 ], "texture": "#texture" },
        "up":    { "uv": [ 8.3125, 13.4375, 8.9375, 13.8125 ], "texture": "#texture" },
        "north": { "uv": [ 8.9375, 12.8125, 8.3125, 13.3125 ], "texture": "#texture" },
        "south": { "uv": [ 8.375, 13.0625, 9, 13.5625 ], "texture": "#texture" },
        "west":  { "uv": [ 3.375, 11.75, 3.75, 12.25 ], "texture": "#texture" },
        "east":  { "uv": [ 3.75, 11.75, 3.375, 12.25 ], "texture": "#texture" }
    }
},
{
    "__comment": "PPBizon",
    "from": [ 7.75, 10.525, -2.125 ],
    "to": [ 8.375, 11.025, -1.75 ],
    "faces": {
        "down":  { "uv": [ 8.25, 3.75, 7.625, 3.375 ], "texture": "#texture" },
        "up":    { "uv": [ 7.75, 3.375, 8.375, 3.75 ], "texture": "#texture" },
        "north": { "uv": [ 8.375, 8.875, 7.75, 9.375 ], "texture": "#texture" },
        "south": { "uv": [ 7.75, 8.875, 8.375, 9.375 ], "texture": "#texture" },
        "west":  { "uv": [ 3.375, 8.875, 3.75, 9.375 ], "texture": "#texture" },
        "east":  { "uv": [ 3.75, 8.875, 3.375, 9.375 ], "texture": "#texture" }
    }
},
{
    "__comment": "PPBizon",
    "from": [ 7.75, 8.15, -2 ],
    "to": [ 8.375, 10.525, -1.75 ],
    "faces": {
        "north": { "uv": [ 8.9375, 12.25, 8.3125, 14.625 ], "texture": "#texture" },
        "south": { "uv": [ 8.3125, 12.5, 8.9375, 14.875 ], "texture": "#texture" },
        "west":  { "uv": [ 3.5, 9.375, 3.75, 11.75 ], "texture": "#texture" },
        "east":  { "uv": [ 3.75, 9.375, 3.5, 11.75 ], "texture": "#texture" }
    }
},
{
    "__comment": "PPBizon",
    "from": [ 7.75, 8.275, -1.75 ],
    "to": [ 8.375, 10.4, -1.625 ],
    "faces": {
        "down":  { "uv": [ 8.9375, 13.5, 8.3125, 13.375 ], "texture": "#texture" },
        "up":    { "uv": [ 8.3125, 14.375, 8.9375, 14.5 ], "texture": "#texture" },
        "south": { "uv": [ 8.3125, 12.625, 8.9375, 14.75 ], "texture": "#texture" },
        "west":  { "uv": [ 3.625, 9.5, 3.75, 11.625 ], "texture": "#texture" },
        "east":  { "uv": [ 3.6875, 9.5, 3.5625, 11.625 ], "texture": "#texture" }
    }
},
{
    "__comment": "PPBizon",
    "from": [ 7.75, 8.125, 10.25 ],
    "to": [ 8.375, 8.25, 10.375 ],
    "faces": {
        "down":  { "uv": [ 2.625, 14.5, 2, 14.375 ], "texture": "#texture" },
        "up":    { "uv": [ 2.0625, 12.8125, 2.6875, 12.9375 ], "texture": "#texture" },
        "north": { "uv": [ 2.6875, 13.3125, 2.0625, 13.4375 ], "texture": "#texture" },
        "south": { "uv": [ 1.875, 14.9375, 2.5, 15.0625 ], "texture": "#texture" },
        "west":  { "uv": [ 4.25, 7.75, 4.375, 7.875 ], "texture": "#texture" },
        "east":  { "uv": [ 4.375, 7.75, 4.25, 7.875 ], "texture": "#texture" }
    }
},
{
    "__comment": "PPBizon",
    "from": [ 7.75, 8.25, 10.375 ],
    "to": [ 8.375, 8.375, 10.5 ],
    "faces": {
        "down":  { "uv": [ 8.25, 4.5, 7.625, 4.375 ], "texture": "#texture" },
        "up":    { "uv": [ 7.75, 4.375, 8.375, 4.5 ], "texture": "#texture" },
        "north": { "uv": [ 8.375, 7.625, 7.75, 7.75 ], "texture": "#texture" },
        "south": { "uv": [ 7.75, 7.625, 8.375, 7.75 ], "texture": "#texture" },
        "west":  { "uv": [ 4.375, 7.625, 4.5, 7.75 ], "texture": "#texture" },
        "east":  { "uv": [ 4.5, 7.625, 4.375, 7.75 ], "texture": "#texture" }
    }
},
{
    "__comment": "PPBizon",
    "from": [ 7.75, 9.625, 11.75 ],
    "to": [ 8.375, 9.75, 19.125 ],
    "faces": {
        "down":  { "uv": [ 13.125, 16, 12.5625, 9.125 ], "texture": "#texture" },
        "up":    { "uv": [ 12.875, 9.1875, 13.4375, 16 ], "texture": "#texture" },
        "north": { "uv": [ 8.375, 6.25, 7.75, 6.375 ], "texture": "#texture" },
        "west":  { "uv": [ 5.75, 6.25, 13.125, 6.375 ], "texture": "#texture" },
        "east":  { "uv": [ 13.125, 6.25, 5.75, 6.375 ], "texture": "#texture" }
    }
},
{
    "__comment": "PPBizon",
    "from": [ 7.75, 9.75, 11.75 ],
    "to": [ 8.375, 9.875, 12.875 ],
    "faces": {
        "up":    { "uv": [ 7.75, 5.75, 8.375, 6.875 ], "texture": "#texture" },
        "north": { "uv": [ 8.375, 6.125, 7.75, 6.25 ], "texture": "#texture" },
        "south": { "uv": [ 7.75, 6.125, 8.375, 6.25 ], "texture": "#texture" },
        "west":  { "uv": [ 5.75, 6.125, 6.875, 6.25 ], "texture": "#texture" },
        "east":  { "uv": [ 6.875, 6.125, 5.75, 6.25 ], "texture": "#texture" }
    }
},
{
    "__comment": "PPBizon",
    "from": [ 7.75, 9.875, 11.75 ],
    "to": [ 8.375, 10, 12.75 ],
    "faces": {
        "north": { "uv": [ 8.375, 6, 7.75, 6.125 ], "texture": "#texture" },
        "south": { "uv": [ 7.75, 6, 8.375, 6.125 ], "texture": "#texture" },
        "west":  { "uv": [ 5.75, 6, 6.75, 6.125 ], "texture": "#texture" },
        "east":  { "uv": [ 6.75, 6, 5.75, 6.125 ], "texture": "#texture" }
    }
},
{
    "__comment": "PPBizon",
    "from": [ 7.75, 9.525, 5.5 ],
    "to": [ 8.375, 10.9, 5.75 ],
    "faces": {
        "down":  { "uv": [ 8.9375, 12.5625, 8.3125, 12.3125 ], "texture": "#texture" },
        "up":    { "uv": [ 8.3125, 12.3125, 8.9375, 12.5625 ], "texture": "#texture" },
        "north": { "uv": [ 8.375, 9.5625, 7.75, 10.9375 ], "texture": "#texture" },
        "south": { "uv": [ 8.25, 12.3125, 8.875, 13.6875 ], "texture": "#texture" },
        "west":  { "uv": [ 11, 9, 11.25, 10.375 ], "texture": "#texture" },
        "east":  { "uv": [ 11.25, 9, 11, 10.375 ], "texture": "#texture" }
    }
},
{
    "__comment": "PPBizon",
    "from": [ 7.75, 9.65, 5.75 ],
    "to": [ 8.375, 10.9, 6.125 ],
    "faces": {
        "down":  { "uv": [ 8.9375, 13.25, 8.3125, 12.875 ], "texture": "#texture" },
        "up":    { "uv": [ 8.375, 13.0625, 9, 13.4375 ], "texture": "#texture" },
        "south": { "uv": [ 8.3125, 13.375, 8.9375, 14.625 ], "texture": "#texture" },
        "west":  { "uv": [ 11.25, 9, 11.625, 10.25 ], "texture": "#texture" },
        "east":  { "uv": [ 11.625, 9, 11.25, 10.25 ], "texture": "#texture" }
    }
},
{
    "__comment": "PPBizon",
    "from": [ 7.75, 10.25, 19.125 ],
    "to": [ 8.375, 10.375, 22 ],
    "faces": {
        "down":  { "uv": [ 8.9375, 15.75, 8.3125, 12.875 ], "texture": "#texture" },
        "up":    { "uv": [ 8.3125, 12.25, 8.9375, 15.125 ], "texture": "#texture" },
        "south": { "uv": [ 8.3125, 13.1875, 8.9375, 13.3125 ], "texture": "#texture" },
        "west":  { "uv": [ 8.5, 12.5, 8.75, 15.1875 ], "rotation": 90, "texture": "#texture" },
        "east":  { "uv": [ 8.75, 12.1875, 8.6875, 14.9375 ], "texture": "#texture" }
    }
},
{
    "__comment": "PPBizon",
    "from": [ 7.75, 10.375, 19.25 ],
    "to": [ 8.375, 10.5, 22 ],
    "faces": {
        "up":    { "uv": [ 8.3125, 13.125, 8.9375, 15.875 ], "texture": "#texture" },
        "south": { "uv": [ 8.3125, 12.25, 8.9375, 12.375 ], "texture": "#texture" },
        "west":  { "uv": [ 8.625, 12.75, 8.8125, 15.6875 ], "rotation": 90, "texture": "#texture" },
        "east":  { "uv": [ 8.75, 12.3125, 8.625, 16 ], "texture": "#texture" }
    }
},
{
    "__comment": "PPBizon",
    "from": [ 7.75, 9.75, 19.375 ],
    "to": [ 8.375, 9.875, 19.75 ],
    "faces": {
        "up":    { "uv": [ 7.75, 13.375, 8.375, 13.75 ], "texture": "#texture" },
        "north": { "uv": [ 8.375, 6.125, 7.75, 6.25 ], "texture": "#texture" },
        "south": { "uv": [ 7.75, 6.125, 8.375, 6.25 ], "texture": "#texture" },
        "west":  { "uv": [ 13.375, 6.125, 13.75, 6.25 ], "texture": "#texture" },
        "east":  { "uv": [ 13.75, 6.125, 13.375, 6.25 ], "texture": "#texture" }
    }
},
{
    "__comment": "PPBizon",
    "from": [ 7.75, 12, 20.125 ],
    "to": [ 7.875, 12.125, 20.75 ],
    "faces": {
        "down":  { "uv": [ 15.6875, 13.6875, 15.5625, 13.0625 ], "texture": "#texture" },
        "up":    { "uv": [ 15.875, 13.3125, 16, 13.9375 ], "texture": "#texture" },
        "north": { "uv": [ 7.875, 3.875, 7.75, 4 ], "texture": "#texture" },
        "south": { "uv": [ 7.75, 3.875, 7.875, 4 ], "texture": "#texture" },
        "west":  { "uv": [ 15.375, 9.25, 16, 9.375 ], "texture": "#texture" },
        "east":  { "uv": [ 16, 10.8125, 15.375, 10.9375 ], "texture": "#texture" }
    }
},
{
    "__comment": "PPBizon",
    "from": [ 7.75, 10.125, 21 ],
    "to": [ 8.375, 10.25, 22 ],
    "faces": {
        "down":  { "uv": [ 8.9375, 15.8125, 8.3125, 14.8125 ], "texture": "#texture" },
        "north": { "uv": [ 8.9375, 15.375, 8.3125, 15.5 ], "texture": "#texture" },
        "south": { "uv": [ 8.3125, 12.75, 8.9375, 12.875 ], "texture": "#texture" },
        "west":  { "uv": [ 15, 5.75, 16, 5.875 ], "texture": "#texture" },
        "east":  { "uv": [ 16, 5.75, 15, 5.875 ], "texture": "#texture" }
    }
},
{
    "__comment": "PPBizon",
    "from": [ 7.75, 10.5, 21 ],
    "to": [ 8.375, 10.625, 22 ],
    "faces": {
        "up":    { "uv": [ 8.3125, 15, 8.9375, 16 ], "texture": "#texture" },
        "north": { "uv": [ 8.9375, 13.5, 8.3125, 13.625 ], "texture": "#texture" },
        "south": { "uv": [ 8.3125, 13.625, 8.9375, 13.75 ], "texture": "#texture" },
        "west":  { "uv": [ 15, 5.375, 16, 5.5 ], "texture": "#texture" },
        "east":  { "uv": [ 16, 5.375, 15, 5.5 ], "texture": "#texture" }
    }
},
{
    "__comment": "PPBizon",
    "from": [ 7.875, 11.25, 6.25 ],
    "to": [ 8.25, 11.5, 6.5 ],
    "faces": {
        "down":  { "uv": [ 8.75, 13.5, 8.375, 13.25 ], "texture": "#texture" },
        "up":    { "uv": [ 8.4375, 13.4375, 8.8125, 13.6875 ], "texture": "#texture" },
        "north": { "uv": [ 8.875, 12.9375, 8.5, 13.1875 ], "texture": "#texture" },
        "south": { "uv": [ 8.5, 12.625, 8.875, 12.875 ], "texture": "#texture" },
        "west":  { "uv": [ 0.25, 4.5, 0.5, 4.75 ], "texture": "#texture" },
        "east":  { "uv": [ 0.5, 4.5, 0.25, 4.75 ], "texture": "#texture" }
    }
},
{
    "__comment": "PPBizon",
    "from": [ 7.875, 11.375, 6.5 ],
    "to": [ 8.25, 11.5, 6.625 ],
    "faces": {
        "up":    { "uv": [ 8.375, 13.75, 8.75, 13.875 ], "texture": "#texture" },
        "west":  { "uv": [ 0.5, 4.5, 0.625, 4.625 ], "texture": "#texture" },
        "east":  { "uv": [ 0.625, 4.5, 0.5, 4.625 ], "texture": "#texture" }
    }
},
{
    "__comment": "PPBizon",
    "from": [ 7.875, 11.75, 7 ],
    "to": [ 8.3125, 11.875, 15.125 ],
    "faces": {
        "up":    { "uv": [ 2.375, 9.375, 2.75, 16 ], "texture": "#texture" },
        "north": { "uv": [ 9, 5, 8.625, 5.125 ], "texture": "#texture" },
        "south": { "uv": [ 8.75, 4.75, 9.125, 4.875 ], "texture": "#texture" },
        "west":  { "uv": [ 1.0625, 4.375, 9.1875, 4.5 ], "texture": "#texture" },
        "east":  { "uv": [ 9.125, 4.375, 1, 4.5 ], "texture": "#texture" }
    }
},
{
    "__comment": "PPBizon",
    "from": [ 7.875, 7.65, -1.75 ],
    "to": [ 8.25, 8.025, -1.625 ],
    "faces": {
        "down":  { "uv": [ 8.125, 3.875, 7.75, 3.75 ], "texture": "#texture" },
        "up":    { "uv": [ 7.875, 3.75, 8.25, 3.875 ], "texture": "#texture" },
        "south": { "uv": [ 7.875, 11.875, 8.25, 12.25 ], "texture": "#texture" },
        "west":  { "uv": [ 3.75, 11.875, 3.875, 12.25 ], "texture": "#texture" },
        "east":  { "uv": [ 3.875, 11.875, 3.75, 12.25 ], "texture": "#texture" }
    }
},
{
    "__comment": "PPBizon",
    "from": [ 7.875, 10.65, -1.75 ],
    "to": [ 8.25, 10.9, 5.5 ],
    "faces": {
        "down":  { "uv": [ 8.6875, 16, 8.5, 12 ], "texture": "#texture" },
        "up":    { "uv": [ 8.4375, 11.9375, 8.75, 16 ], "texture": "#texture" },
        "west":  { "uv": [ 3.75, 9, 11, 9.25 ], "texture": "#texture" },
        "east":  { "uv": [ 11, 9, 3.75, 9.25 ], "texture": "#texture" }
    }
},
{
    "__comment": "PPBizon",
    "from": [ 7.875, 7.775, -1.625 ],
    "to": [ 8.25, 8.025, -1.125 ],
    "faces": {
        "down":  { "uv": [ 8.8125, 12.875, 8.4375, 12.375 ], "texture": "#texture" },
        "up":    { "uv": [ 7.875, 3.875, 8.25, 4.375 ], "texture": "#texture" },
        "south": { "uv": [ 7.875, 11.875, 8.25, 12.125 ], "texture": "#texture" },
        "west":  { "uv": [ 3.875, 11.875, 4.375, 12.125 ], "texture": "#texture" },
        "east":  { "uv": [ 4.375, 11.875, 3.875, 12.125 ], "texture": "#texture" }
    }
},
{
    "__comment": "PPBizon",
    "from": [ 7.875, 8.025, -1.5 ],
    "to": [ 8.25, 8.15, -0.125 ],
    "faces": {
        "down":  { "uv": [ 15.625, 13.5, 15.25, 12.125 ], "texture": "#texture" },
        "up":    { "uv": [ 15.5, 10.125, 15.875, 11.5 ], "texture": "#texture" },
        "north": { "uv": [ 8.25, 11.75, 7.875, 11.875 ], "texture": "#texture" },
        "south": { "uv": [ 7.875, 11.75, 8.25, 11.875 ], "texture": "#texture" },
        "west":  { "uv": [ 4, 11.75, 5.375, 11.875 ], "texture": "#texture" },
        "east":  { "uv": [ 5.375, 11.75, 4, 11.875 ], "texture": "#texture" }
    }
},
{
    "__comment": "PPBizon",
    "from": [ 7.875, 7.9, -1.125 ],
    "to": [ 8.25, 8.025, -0.625 ],
    "faces": {
        "down":  { "uv": [ 15.8125, 10.6875, 15.4375, 10.1875 ], "texture": "#texture" },
        "south": { "uv": [ 7.875, 11.875, 8.25, 12 ], "texture": "#texture" },
        "west":  { "uv": [ 4.375, 11.875, 4.875, 12 ], "texture": "#texture" },
        "east":  { "uv": [ 4.875, 11.875, 4.375, 12 ], "texture": "#texture" }
    }
},
{
    "__comment": "PPBizon",
    "from": [ 7.875, 8.15, -1 ],
    "to": [ 8.25, 8.275, 0.25 ],
    "faces": {
        "down":  { "uv": [ 15.625, 11.9375, 15.25, 10.6875 ], "texture": "#texture" },
        "up":    { "uv": [ 15.375, 10.6875, 15.75, 11.9375 ], "texture": "#texture" },
        "north": { "uv": [ 8.25, 11.625, 7.875, 11.75 ], "texture": "#texture" },
        "south": { "uv": [ 7.875, 11.625, 8.25, 11.75 ], "texture": "#texture" },
        "west":  { "uv": [ 4.5, 11.625, 5.75, 11.75 ], "texture": "#texture" },
        "east":  { "uv": [ 5.75, 11.625, 4.5, 11.75 ], "texture": "#texture" }
    }
},
{
    "__comment": "PPBizon",
    "from": [ 7.875, 8, 10.75 ],
    "to": [ 8.375, 8.375, 10.875 ],
    "faces": {
        "down":  { "uv": [ 2.5625, 11.9375, 2.0625, 11.8125 ], "texture": "#texture" },
        "north": { "uv": [ 2.5, 10.6875, 2, 11.0625 ], "texture": "#texture" },
        "south": { "uv": [ 2.0625, 11.6875, 2.5625, 12.0625 ], "texture": "#texture" },
        "west":  { "uv": [ 4.75, 7.625, 4.875, 8 ], "texture": "#texture" },
        "east":  { "uv": [ 4.875, 7.625, 4.75, 8 ], "texture": "#texture" }
    }
},
{
    "__comment": "PPBizon",
    "from": [ 7.875, 8.275, -0.625 ],
    "to": [ 8.25, 8.4, 0.75 ],
    "faces": {
        "down":  { "uv": [ 15.6875, 13.375, 15.3125, 12 ], "texture": "#texture" },
        "up":    { "uv": [ 15.625, 11.6875, 16, 13.0625 ], "texture": "#texture" },
        "north": { "uv": [ 8.25, 11.5, 7.875, 11.625 ], "texture": "#texture" },
        "south": { "uv": [ 7.875, 11.5, 8.25, 11.625 ], "texture": "#texture" },
        "west":  { "uv": [ 4.875, 11.5, 6.25, 11.625 ], "texture": "#texture" },
        "east":  { "uv": [ 6.25, 11.5, 4.875, 11.625 ], "texture": "#texture" }
    }
},
{
    "__comment": "PPBizon",
    "from": [ 7.875, 8.25, 10.875 ],
    "to": [ 8.375, 8.375, 11 ],
    "faces": {
        "down":  { "uv": [ 2.75, 11.4375, 2.25, 11.3125 ], "texture": "#texture" },
        "south": { "uv": [ 2.125, 12.3125, 2.625, 12.4375 ], "texture": "#texture" },
        "west":  { "uv": [ 4.875, 7.625, 5, 7.75 ], "texture": "#texture" },
        "east":  { "uv": [ 5, 7.625, 4.875, 7.75 ], "texture": "#texture" }
    }
},
{
    "__comment": "PPBizon",
    "from": [ 7.875, 9, 11.125 ],
    "to": [ 8.25, 9.5, 11.75 ],
    "faces": {
        "down":  { "uv": [ 8.125, 5.75, 7.75, 5.125 ], "texture": "#texture" },
        "up":    { "uv": [ 7.875, 5.125, 8.25, 5.75 ], "texture": "#texture" },
        "south": { "uv": [ 7.875, 6.5, 8.25, 7 ], "texture": "#texture" },
        "west":  { "uv": [ 5.125, 6.5, 5.75, 7 ], "texture": "#texture" },
        "east":  { "uv": [ 5.75, 6.5, 5.125, 7 ], "texture": "#texture" }
    }
},
{
    "__comment": "PPBizon",
    "from": [ 7.875, 8.4, -0.125 ],
    "to": [ 8.25, 8.525, 1.25 ],
    "faces": {
        "down":  { "uv": [ 15.6875, 13.625, 15.3125, 12.25 ], "texture": "#texture" },
        "up":    { "uv": [ 15.4375, 11.4375, 15.8125, 12.8125 ], "texture": "#texture" },
        "north": { "uv": [ 8.25, 11.375, 7.875, 11.5 ], "texture": "#texture" },
        "south": { "uv": [ 7.875, 11.375, 8.25, 11.5 ], "texture": "#texture" },
        "west":  { "uv": [ 5.375, 11.375, 6.75, 11.5 ], "texture": "#texture" },
        "east":  { "uv": [ 6.75, 11.375, 5.375, 11.5 ], "texture": "#texture" }
    }
},
{
    "__comment": "PPBizon",
    "from": [ 7.875, 7.875, 11.75 ],
    "to": [ 8.25, 8, 12 ],
    "faces": {
        "down":  { "uv": [ 8.125, 6, 7.75, 5.75 ], "texture": "#texture" },
        "north": { "uv": [ 8.25, 8, 7.875, 8.125 ], "texture": "#texture" },
        "south": { "uv": [ 7.875, 8, 8.25, 8.125 ], "texture": "#texture" },
        "west":  { "uv": [ 5.75, 8, 6, 8.125 ], "texture": "#texture" },
        "east":  { "uv": [ 6, 8, 5.75, 8.125 ], "texture": "#texture" }
    }
},
{
    "__comment": "PPBizon",
    "from": [ 7.875, 8.525, 0.375 ],
    "to": [ 8.25, 8.65, 1.75 ],
    "faces": {
        "down":  { "uv": [ 8.125, 7.25, 7.75, 5.875 ], "texture": "#texture" },
        "up":    { "uv": [ 7.875, 5.875, 8.25, 7.25 ], "texture": "#texture" },
        "north": { "uv": [ 8.25, 11.25, 7.875, 11.375 ], "texture": "#texture" },
        "south": { "uv": [ 7.875, 11.25, 8.25, 11.375 ], "texture": "#texture" },
        "west":  { "uv": [ 5.875, 11.25, 7.25, 11.375 ], "texture": "#texture" },
        "east":  { "uv": [ 7.25, 11.25, 5.875, 11.375 ], "texture": "#texture" }
    }
},
{
    "__comment": "PPBizon",
    "from": [ 7.875, 8.65, 0.875 ],
    "to": [ 8.25, 8.775, 2.25 ],
    "faces": {
        "down":  { "uv": [ 8.125, 7.75, 7.75, 6.375 ], "texture": "#texture" },
        "up":    { "uv": [ 7.875, 6.375, 8.25, 7.75 ], "texture": "#texture" },
        "north": { "uv": [ 8.25, 11.125, 7.875, 11.25 ], "texture": "#texture" },
        "south": { "uv": [ 7.875, 11.125, 8.25, 11.25 ], "texture": "#texture" },
        "west":  { "uv": [ 6.375, 11.125, 7.75, 11.25 ], "texture": "#texture" },
        "east":  { "uv": [ 7.75, 11.125, 6.375, 11.25 ], "texture": "#texture" }
    }
},
{
    "__comment": "PPBizon",
    "from": [ 7.875, 8.775, 1.25 ],
    "to": [ 8.25, 8.9, 2.625 ],
    "faces": {
        "down":  { "uv": [ 8.125, 8.125, 7.75, 6.75 ], "texture": "#texture" },
        "up":    { "uv": [ 7.875, 6.75, 8.25, 8.125 ], "texture": "#texture" },
        "north": { "uv": [ 8.25, 11, 7.875, 11.125 ], "texture": "#texture" },
        "south": { "uv": [ 7.875, 11, 8.25, 11.125 ], "texture": "#texture" },
        "west":  { "uv": [ 6.75, 11, 8.125, 11.125 ], "texture": "#texture" },
        "east":  { "uv": [ 8.125, 11, 6.75, 11.125 ], "texture": "#texture" }
    }
},
{
    "__comment": "PPBizon",
    "from": [ 7.875, 12.125, 13.125 ],
    "to": [ 8, 12.25, 13.25 ],
    "faces": {
        "down":  { "uv": [ 8.125, 7.25, 8, 7.125 ], "texture": "#texture" },
        "up":    { "uv": [ 7.875, 7.125, 8, 7.25 ], "texture": "#texture" },
        "north": { "uv": [ 8, 3.75, 7.875, 3.875 ], "texture": "#texture" },
        "south": { "uv": [ 7.875, 3.75, 8, 3.875 ], "texture": "#texture" },
        "west":  { "uv": [ 7.125, 3.75, 7.25, 3.875 ], "texture": "#texture" },
        "east":  { "uv": [ 7.25, 3.75, 7.125, 3.875 ], "texture": "#texture" }
    }
},
{
    "__comment": "PPBizon",
    "from": [ 7.875, 8.9, 1.75 ],
    "to": [ 8.25, 9.025, 3.125 ],
    "faces": {
        "down":  { "uv": [ 8.125, 8.625, 7.75, 7.25 ], "texture": "#texture" },
        "up":    { "uv": [ 7.875, 7.25, 8.25, 8.625 ], "texture": "#texture" },
        "north": { "uv": [ 8.25, 10.875, 7.875, 11 ], "texture": "#texture" },
        "south": { "uv": [ 7.875, 10.875, 8.25, 11 ], "texture": "#texture" },
        "west":  { "uv": [ 7.25, 10.875, 8.625, 11 ], "texture": "#texture" },
        "east":  { "uv": [ 8.625, 10.875, 7.25, 11 ], "texture": "#texture" }
    }
},
{
    "__comment": "PPBizon",
    "from": [ 7.875, 12, 13.25 ],
    "to": [ 8.25, 12.125, 13.875 ],
    "faces": {
        "down":  { "uv": [ 13.25, 13.1875, 12.875, 12.5625 ], "texture": "#texture" },
        "up":    { "uv": [ 8.4375, 1.5625, 8.8125, 2.1875 ], "texture": "#texture" },
        "north": { "uv": [ 8.1875, 1.875, 7.8125, 2 ], "texture": "#texture" },
        "south": { "uv": [ 7.875, 3.875, 8.25, 4 ], "texture": "#texture" },
        "west":  { "uv": [ 7.25, 3.875, 7.875, 4 ], "texture": "#texture" },
        "east":  { "uv": [ 7.875, 3.875, 7.25, 4 ], "texture": "#texture" }
    }
},
{
    "__comment": "PPBizon",
    "from": [ 7.875, 11.875, 13.5 ],
    "to": [ 8.25, 12, 15.125 ],
    "faces": {
        "up":    { "uv": [ 12.875, 10.75, 13.25, 12.375 ], "texture": "#texture" },
        "north": { "uv": [ 8.25, 4, 7.875, 4.125 ], "texture": "#texture" },
        "south": { "uv": [ 7.875, 4, 8.25, 4.125 ], "texture": "#texture" },
        "west":  { "uv": [ 7.5, 4, 9.125, 4.125 ], "texture": "#texture" },
        "east":  { "uv": [ 9.125, 4, 7.5, 4.125 ], "texture": "#texture" }
    }
},
{
    "__comment": "PPBizon",
    "from": [ 7.875, 9.025, 2.25 ],
    "to": [ 8.25, 9.15, 3.625 ],
    "faces": {
        "down":  { "uv": [ 8.125, 9.125, 7.75, 7.75 ], "texture": "#texture" },
        "up":    { "uv": [ 7.875, 7.75, 8.25, 9.125 ], "texture": "#texture" },
        "north": { "uv": [ 8.25, 10.75, 7.875, 10.875 ], "texture": "#texture" },
        "south": { "uv": [ 7.875, 10.75, 8.25, 10.875 ], "texture": "#texture" },
        "west":  { "uv": [ 7.75, 10.75, 9.125, 10.875 ], "texture": "#texture" },
        "east":  { "uv": [ 9.125, 10.75, 7.75, 10.875 ], "texture": "#texture" }
    }
},
{
    "__comment": "PPBizon",
    "from": [ 7.875, 9.15, 2.75 ],
    "to": [ 8.25, 9.275, 4.125 ],
    "faces": {
        "down":  { "uv": [ 8.125, 9.625, 7.75, 8.25 ], "texture": "#texture" },
        "up":    { "uv": [ 7.875, 8.25, 8.25, 9.625 ], "texture": "#texture" },
        "north": { "uv": [ 8.25, 10.625, 7.875, 10.75 ], "texture": "#texture" },
        "south": { "uv": [ 7.875, 10.625, 8.25, 10.75 ], "texture": "#texture" },
        "west":  { "uv": [ 8.25, 10.625, 9.625, 10.75 ], "texture": "#texture" },
        "east":  { "uv": [ 9.625, 10.625, 8.25, 10.75 ], "texture": "#texture" }
    }
},
{
    "__comment": "PPBizon",
    "from": [ 7.875, 9.275, 3.125 ],
    "to": [ 8.25, 9.4, 4.5 ],
    "faces": {
        "down":  { "uv": [ 8.125, 10, 7.75, 8.625 ], "texture": "#texture" },
        "up":    { "uv": [ 7.875, 8.625, 8.25, 10 ], "texture": "#texture" },
        "north": { "uv": [ 8.25, 10.5, 7.875, 10.625 ], "texture": "#texture" },
        "south": { "uv": [ 7.875, 10.5, 8.25, 10.625 ], "texture": "#texture" },
        "west":  { "uv": [ 8.625, 10.5, 10, 10.625 ], "texture": "#texture" },
        "east":  { "uv": [ 10, 10.5, 8.625, 10.625 ], "texture": "#texture" }
    }
},
{
    "__comment": "PPBizon",
    "from": [ 7.875, 12, 14.625 ],
    "to": [ 8.25, 12.125, 15.125 ],
    "faces": {
        "up":    { "uv": [ 12.9375, 12.125, 13.3125, 12.625 ], "texture": "#texture" },
        "north": { "uv": [ 9, 1.8125, 8.625, 1.9375 ], "texture": "#texture" },
        "south": { "uv": [ 8.6875, 1.875, 9.0625, 2 ], "texture": "#texture" },
        "west":  { "uv": [ 8.625, 3.875, 9.125, 4 ], "texture": "#texture" },
        "east":  { "uv": [ 9.125, 3.875, 8.625, 4 ], "texture": "#texture" }
    }
},
{
    "__comment": "PPBizon",
    "from": [ 7.875, 9.4, 3.625 ],
    "to": [ 8.25, 9.525, 5 ],
    "faces": {
        "down":  { "uv": [ 8.125, 10.5, 7.75, 9.125 ], "texture": "#texture" },
        "up":    { "uv": [ 7.875, 9.125, 8.25, 10.5 ], "texture": "#texture" },
        "north": { "uv": [ 8.25, 10.375, 7.875, 10.5 ], "texture": "#texture" },
        "south": { "uv": [ 7.875, 10.375, 8.25, 10.5 ], "texture": "#texture" },
        "west":  { "uv": [ 9.125, 10.375, 10.5, 10.5 ], "texture": "#texture" },
        "east":  { "uv": [ 10.5, 10.375, 9.125, 10.5 ], "texture": "#texture" }
    }
},
{
    "__comment": "PPBizon",
    "from": [ 7.875, 9.525, 4.125 ],
    "to": [ 8.25, 9.65, 5.5 ],
    "faces": {
        "down":  { "uv": [ 8.125, 11, 7.75, 9.625 ], "texture": "#texture" },
        "up":    { "uv": [ 7.875, 9.625, 8.25, 11 ], "texture": "#texture" },
        "north": { "uv": [ 8.25, 10.25, 7.875, 10.375 ], "texture": "#texture" },
        "west":  { "uv": [ 9.625, 10.25, 11, 10.375 ], "texture": "#texture" },
        "east":  { "uv": [ 11, 10.25, 9.625, 10.375 ], "texture": "#texture" }
    }
},
{
    "__comment": "PPBizon",
    "from": [ 7.875, 9.65, 4.625 ],
    "to": [ 8.25, 9.775, 5.5 ],
    "faces": {
        "up":    { "uv": [ 7.875, 10.125, 8.25, 11 ], "texture": "#texture" },
        "north": { "uv": [ 8.25, 10.125, 7.875, 10.25 ], "texture": "#texture" },
        "west":  { "uv": [ 10.125, 10.125, 11, 10.25 ], "texture": "#texture" },
        "east":  { "uv": [ 11, 10.125, 10.125, 10.25 ], "texture": "#texture" }
    }
},
{
    "__comment": "PPBizon",
    "from": [ 7.875, 9.775, 5 ],
    "to": [ 8.25, 9.9, 5.5 ],
    "faces": {
        "up":    { "uv": [ 7.875, 10.5, 8.25, 11 ], "texture": "#texture" },
        "north": { "uv": [ 8.25, 10, 7.875, 10.125 ], "texture": "#texture" },
        "west":  { "uv": [ 10.5, 10, 11, 10.125 ], "texture": "#texture" },
        "east":  { "uv": [ 11, 10, 10.5, 10.125 ], "texture": "#texture" }
    }
},
{
    "__comment": "PPBizon",
    "from": [ 7.875, 10.15, 5 ],
    "to": [ 8.25, 10.275, 5.5 ],
    "faces": {
        "down":  { "uv": [ 8.125, 11, 7.75, 10.5 ], "texture": "#texture" },
        "up":    { "uv": [ 7.875, 10.5, 8.25, 11 ], "texture": "#texture" },
        "north": { "uv": [ 8.25, 9.625, 7.875, 9.75 ], "texture": "#texture" },
        "west":  { "uv": [ 10.5, 9.625, 11, 9.75 ], "texture": "#texture" },
        "east":  { "uv": [ 11, 9.625, 10.5, 9.75 ], "texture": "#texture" }
    }
},
{
    "__comment": "PPBizon",
    "from": [ 7.875, 10.025, 5.125 ],
    "to": [ 8.25, 10.15, 5.5 ],
    "faces": {
        "down":  { "uv": [ 8.125, 11, 7.75, 10.625 ], "texture": "#texture" },
        "north": { "uv": [ 8.25, 9.75, 7.875, 9.875 ], "texture": "#texture" },
        "west":  { "uv": [ 10.625, 9.75, 11, 9.875 ], "texture": "#texture" },
        "east":  { "uv": [ 11, 9.75, 10.625, 9.875 ], "texture": "#texture" }
    }
},
{
    "__comment": "PPBizon",
    "from": [ 7.875, 10.275, 5.125 ],
    "to": [ 8.25, 10.525, 5.5 ],
    "faces": {
        "up":    { "uv": [ 7.875, 10.625, 8.25, 11 ], "texture": "#texture" },
        "north": { "uv": [ 8.25, 9.375, 7.875, 9.625 ], "texture": "#texture" },
        "west":  { "uv": [ 10.625, 9.375, 11, 9.625 ], "texture": "#texture" },
        "east":  { "uv": [ 11, 9.375, 10.625, 9.625 ], "texture": "#texture" }
    }
},
{
    "__comment": "PPBizon",
    "from": [ 7.875, 9.9, 5.25 ],
    "to": [ 8.25, 10.025, 5.5 ],
    "faces": {
        "north": { "uv": [ 8.25, 9.875, 7.875, 10 ], "texture": "#texture" },
        "west":  { "uv": [ 10.75, 9.875, 11, 10 ], "texture": "#texture" },
        "east":  { "uv": [ 11, 9.875, 10.75, 10 ], "texture": "#texture" }
    }
},
{
    "__comment": "PPBizon",
    "from": [ 7.875, 10.525, 5.25 ],
    "to": [ 8.25, 10.65, 5.5 ],
    "faces": {
        "north": { "uv": [ 8.25, 9.25, 7.875, 9.375 ], "texture": "#texture" },
        "west":  { "uv": [ 10.75, 9.25, 11, 9.375 ], "texture": "#texture" },
        "east":  { "uv": [ 11, 9.25, 10.75, 9.375 ], "texture": "#texture" }
    }
},
{
    "__comment": "PPBizon",
    "from": [ 7.875, 10.9, 5.5 ],
    "to": [ 8.375, 11.025, 6.125 ],
    "faces": {
        "down":  { "uv": [ 8.125, 11.625, 7.625, 11 ], "texture": "#texture" },
        "up":    { "uv": [ 7.875, 11, 8.375, 11.625 ], "texture": "#texture" },
        "north": { "uv": [ 8.375, 8.875, 7.875, 9 ], "texture": "#texture" },
        "south": { "uv": [ 7.875, 8.875, 8.375, 9 ], "texture": "#texture" },
        "west":  { "uv": [ 11, 8.875, 11.625, 9 ], "texture": "#texture" },
        "east":  { "uv": [ 11.625, 8.875, 11, 9 ], "texture": "#texture" }
    }
},
{
    "__comment": "PPBizon",
    "from": [ 7.875, 9.75, 19.125 ],
    "to": [ 8.25, 9.875, 19.375 ],
    "faces": {
        "up":    { "uv": [ 7.875, 13.125, 8.25, 13.375 ], "texture": "#texture" },
        "north": { "uv": [ 8.25, 6.125, 7.875, 6.25 ], "texture": "#texture" },
        "west":  { "uv": [ 13.125, 6.125, 13.375, 6.25 ], "texture": "#texture" },
        "east":  { "uv": [ 13.375, 6.125, 13.125, 6.25 ], "texture": "#texture" }
    }
},
{
    "__comment": "PPBizon",
    "from": [ 7.875, 10.125, 19.125 ],
    "to": [ 8.25, 10.25, 21 ],
    "faces": {
        "down":  { "uv": [ 8.75, 15, 8.375, 13.125 ], "texture": "#texture" },
        "west":  { "uv": [ 14.125, 5.6875, 16, 5.8125 ], "texture": "#texture" },
        "east":  { "uv": [ 15.8125, 5.6875, 13.9375, 5.8125 ], "texture": "#texture" }
    }
},
{
    "__comment": "PPBizon",
    "from": [ 7.875, 9.875, 19.375 ],
    "to": [ 8.25, 10.125, 19.75 ],
    "faces": {
        "north": { "uv": [ 15.75, 10.25, 15.375, 10.5 ], "texture": "#texture" },
        "south": { "uv": [ 15.25, 9.875, 15.625, 10.125 ], "texture": "#texture" },
        "west":  { "uv": [ 13.375, 5.875, 13.75, 6.125 ], "texture": "#texture" },
        "east":  { "uv": [ 13.75, 5.875, 13.375, 6.125 ], "texture": "#texture" }
    }
},
{
    "__comment": "PPBizon",
    "from": [ 7.875, 9.75, 19.75 ],
    "to": [ 8.25, 9.875, 20 ],
    "faces": {
        "up":    { "uv": [ 7.875, 13.75, 8.25, 14 ], "texture": "#texture" },
        "south": { "uv": [ 7.875, 6.125, 8.25, 6.25 ], "texture": "#texture" },
        "west":  { "uv": [ 13.75, 6.125, 14, 6.25 ], "texture": "#texture" },
        "east":  { "uv": [ 14, 6.125, 13.75, 6.25 ], "texture": "#texture" }
    }
},
{
    "__comment": "PPBizon",
    "from": [ 7.875, 10.5, 19.875 ],
    "to": [ 8.25, 10.625, 21 ],
    "faces": {
        "up":    { "uv": [ 8.4375, 13.9375, 8.8125, 15.0625 ], "texture": "#texture" },
        "west":  { "uv": [ 14.875, 5.375, 16, 5.5 ], "texture": "#texture" },
        "east":  { "uv": [ 15.9375, 5.625, 14.8125, 5.75 ], "texture": "#texture" }
    }
},
{
    "__comment": "PPBizon",
    "from": [ 7.875, 10.625, 19.875 ],
    "to": [ 8.25, 10.75, 20.75 ],
    "faces": {
        "up":    { "uv": [ 8.4375, 13.875, 8.8125, 14.75 ], "texture": "#texture" },
        "south": { "uv": [ 15.625, 12.75, 16, 12.875 ], "texture": "#texture" },
        "west":  { "uv": [ 15.125, 13.625, 16, 13.75 ], "texture": "#texture" },
        "east":  { "uv": [ 16, 9.25, 15.125, 9.375 ], "texture": "#texture" }
    }
},
{
    "__comment": "PPBizon",
    "from": [ 7.875, 10.75, 20 ],
    "to": [ 8.25, 11.25, 20.75 ],
    "faces": {
        "up":    { "uv": [ 8.4375, 14.0625, 8.8125, 14.8125 ], "texture": "#texture" },
        "south": { "uv": [ 15.3125, 13.625, 15.6875, 14.125 ], "texture": "#texture" },
        "west":  { "uv": [ 15.25, 12.1875, 16, 12.6875 ], "texture": "#texture" },
        "east":  { "uv": [ 16, 8.6875, 15.25, 9.1875 ], "texture": "#texture" }
    }
},
{
    "__comment": "PPBizon",
    "from": [ 7.875, 11.25, 20.125 ],
    "to": [ 8.25, 11.75, 20.75 ],
    "faces": {
        "up":    { "uv": [ 8.4375, 13.8125, 8.8125, 14.4375 ], "texture": "#texture" },
        "north": { "uv": [ 8.875, 13.3125, 8.5, 13.8125 ], "texture": "#texture" },
        "south": { "uv": [ 15.4375, 13.4375, 15.8125, 13.9375 ], "texture": "#texture" },
        "west":  { "uv": [ 15.1875, 8.5, 15.8125, 9 ], "texture": "#texture" },
        "east":  { "uv": [ 16, 8.9375, 15.375, 9.4375 ], "texture": "#texture" }
    }
},
{
    "__comment": "PPBizon",
    "from": [ 7.875, 11.75, 20.125 ],
    "to": [ 8, 12, 20.625 ],
    "faces": {
        "up":    { "uv": [ 15.875, 14.125, 16, 14.625 ], "texture": "#texture" },
        "north": { "uv": [ 15.8125, 13.75, 15.6875, 14 ], "texture": "#texture" },
        "south": { "uv": [ 15.3125, 12, 15.4375, 12.25 ], "texture": "#texture" },
        "west":  { "uv": [ 15.5, 8.25, 16, 8.5 ], "texture": "#texture" },
        "east":  { "uv": [ 16, 9.5625, 15.5, 9.8125 ], "texture": "#texture" }
    }
},
{
    "__comment": "PPBizon",
    "from": [ 7.875, 11.875, 20.625 ],
    "to": [ 8, 12, 20.75 ],
    "faces": {
        "down":  { "uv": [ 8.125, 14.75, 8, 14.625 ], "texture": "#texture" },
        "up":    { "uv": [ 7.875, 14.625, 8, 14.75 ], "texture": "#texture" },
        "south": { "uv": [ 7.875, 4, 8, 4.125 ], "texture": "#texture" },
        "west":  { "uv": [ 14.625, 4, 14.75, 4.125 ], "texture": "#texture" },
        "east":  { "uv": [ 14.75, 4, 14.625, 4.125 ], "texture": "#texture" }
    }
},
{
    "__comment": "PPBizon",
    "from": [ 7.875, 10.625, 21.25 ],
    "to": [ 8.25, 10.75, 22 ],
    "faces": {
        "up":    { "uv": [ 8.4375, 15.1875, 8.8125, 15.9375 ], "texture": "#texture" },
        "north": { "uv": [ 8.8125, 14.125, 8.4375, 14.25 ], "texture": "#texture" },
        "south": { "uv": [ 8.4375, 12.0625, 8.8125, 12.1875 ], "texture": "#texture" },
        "west":  { "uv": [ 15.25, 5.25, 16, 5.375 ], "texture": "#texture" },
        "east":  { "uv": [ 16, 5.25, 15.25, 5.375 ], "texture": "#texture" }
    }
},
{
    "__comment": "PPBizon",
    "from": [ 7.875, 10, 21.375 ],
    "to": [ 8.25, 10.125, 22 ],
    "faces": {
        "down":  { "uv": [ 8.8125, 15.375, 8.4375, 14.75 ], "texture": "#texture" },
        "north": { "uv": [ 8.875, 13.1875, 8.5, 13.3125 ], "texture": "#texture" },
        "south": { "uv": [ 8.375, 12.25, 8.75, 12.375 ], "texture": "#texture" },
        "west":  { "uv": [ 15.375, 5.875, 16, 6 ], "texture": "#texture" },
        "east":  { "uv": [ 16, 5.875, 15.375, 6 ], "texture": "#texture" }
    }
},
{
    "__comment": "PPBizon",
    "from": [ 8, 8.75, 9 ],
    "to": [ 8.125, 9.375, 9.1875 ],
    "faces": {
        "down":  { "uv": [ 8.5625, 12.8125, 8.4375, 12.625 ], "texture": "#texture" },
        "north": { "uv": [ 8.625, 13.5625, 8.5, 14.1875 ], "texture": "#texture" },
        "south": { "uv": [ 8.5625, 13.3125, 8.6875, 13.9375 ], "texture": "#texture" },
        "west":  { "uv": [ 3, 6.625, 3.1875, 7.25 ], "texture": "#texture" },
        "east":  { "uv": [ 3.1875, 6.625, 3, 7.25 ], "texture": "#texture" }
    }
},
{
    "__comment": "PPBizon",
    "from": [ 8, 8.625, 9.125 ],
    "to": [ 8.125, 8.75, 9.25 ],
    "faces": {
        "down":  { "uv": [ 8.6875, 12.8125, 8.5625, 12.6875 ], "texture": "#texture" },
        "up":    { "uv": [ 8.6875, 13.8125, 8.8125, 13.9375 ], "texture": "#texture" },
        "north": { "uv": [ 8.8125, 13.3125, 8.6875, 13.4375 ], "texture": "#texture" },
        "south": { "uv": [ 8.4375, 13.1875, 8.5625, 13.3125 ], "texture": "#texture" },
        "west":  { "uv": [ 3.125, 7.25, 3.25, 7.375 ], "texture": "#texture" },
        "east":  { "uv": [ 3.25, 7.25, 3.125, 7.375 ], "texture": "#texture" }
    }
},
{
    "__comment": "PPBizon",
    "from": [ 8, 8.5, 9.25 ],
    "to": [ 8.125, 8.625, 9.375 ],
    "faces": {
        "down":  { "uv": [ 8.8125, 13.0625, 8.6875, 12.9375 ], "texture": "#texture" },
        "up":    { "uv": [ 8.5, 13.875, 8.625, 14 ], "texture": "#texture" },
        "north": { "uv": [ 8.75, 12.625, 8.625, 12.75 ], "texture": "#texture" },
        "south": { "uv": [ 8.5625, 12.25, 8.6875, 12.375 ], "texture": "#texture" },
        "west":  { "uv": [ 3.25, 7.375, 3.375, 7.5 ], "texture": "#texture" },
        "east":  { "uv": [ 3.375, 7.375, 3.25, 7.5 ], "texture": "#texture" }
    }
},
{
    "__comment": "PPBizon",
    "from": [ 8, 8.375, 9.375 ],
    "to": [ 8.125, 8.5, 9.5 ],
    "faces": {
        "down":  { "uv": [ 8.6875, 12.75, 8.5625, 12.625 ], "texture": "#texture" },
        "up":    { "uv": [ 8.625, 13.5, 8.75, 13.625 ], "texture": "#texture" },
        "north": { "uv": [ 8.6875, 12.8125, 8.5625, 12.9375 ], "texture": "#texture" },
        "south": { "uv": [ 8.4375, 12, 8.5625, 12.125 ], "texture": "#texture" },
        "west":  { "uv": [ 3.375, 7.5, 3.5, 7.625 ], "texture": "#texture" },
        "east":  { "uv": [ 3.5, 7.5, 3.375, 7.625 ], "texture": "#texture" }
    }
},
{
    "__comment": "PPBizon",
    "from": [ 8, 11.75, 20.125 ],
    "to": [ 8.25, 11.875, 20.625 ],
    "faces": {
        "up":    { "uv": [ 15.75, 13.875, 16, 14.375 ], "texture": "#texture" },
        "north": { "uv": [ 8.25, 4.125, 8, 4.25 ], "texture": "#texture" },
        "south": { "uv": [ 15.75, 11.25, 16, 11.375 ], "texture": "#texture" },
        "east":  { "uv": [ 14.625, 4.125, 14.125, 4.25 ], "texture": "#texture" }
    }
},
{
    "__comment": "PPBizon",
    "from": [ 8, 10, 20.875 ],
    "to": [ 8.125, 10.125, 21.375 ],
    "faces": {
        "down":  { "uv": [ 8.5625, 15.375, 8.4375, 14.875 ], "texture": "#texture" },
        "up":    { "uv": [ 8.5625, 15, 8.6875, 15.5 ], "texture": "#texture" },
        "north": { "uv": [ 8.6875, 12.6875, 8.5625, 12.8125 ], "texture": "#texture" },
        "west":  { "uv": [ 14.875, 5.875, 15.375, 6 ], "texture": "#texture" },
        "east":  { "uv": [ 15.375, 5.875, 14.875, 6 ], "texture": "#texture" }
    }
},
{
    "__comment": "PPBizon",
    "from": [ 8, 10.625, 20.875 ],
    "to": [ 8.125, 10.75, 21.25 ],
    "faces": {
        "down":  { "uv": [ 8, 15.25, 7.875, 14.875 ], "texture": "#texture" },
        "up":    { "uv": [ 8, 14.875, 8.125, 15.25 ], "texture": "#texture" },
        "north": { "uv": [ 8.125, 5.25, 8, 5.375 ], "texture": "#texture" },
        "west":  { "uv": [ 14.875, 5.25, 15.25, 5.375 ], "texture": "#texture" },
        "east":  { "uv": [ 15.25, 5.25, 14.875, 5.375 ], "texture": "#texture" }
    }
},
{
    "__comment": "PPBizon",
    "from": [ 8.125, 12.125, 13.125 ],
    "to": [ 8.25, 12.25, 13.25 ],
    "faces": {
        "down":  { "uv": [ 7.875, 7.25, 7.75, 7.125 ], "texture": "#texture" },
        "up":    { "uv": [ 8.125, 7.125, 8.25, 7.25 ], "texture": "#texture" },
        "north": { "uv": [ 8.25, 3.75, 8.125, 3.875 ], "texture": "#texture" },
        "south": { "uv": [ 8.125, 3.75, 8.25, 3.875 ], "texture": "#texture" },
        "west":  { "uv": [ 7.125, 3.75, 7.25, 3.875 ], "texture": "#texture" },
        "east":  { "uv": [ 7.25, 3.75, 7.125, 3.875 ], "texture": "#texture" }
    }
},
{
    "__comment": "PPBizon",
    "from": [ 8.125, 11.875, 20.125 ],
    "to": [ 8.25, 12, 20.75 ],
    "faces": {
        "down":  { "uv": [ 15.6875, 14.625, 15.5625, 14 ], "texture": "#texture" },
        "up":    { "uv": [ 15.5625, 13.1875, 15.6875, 13.8125 ], "texture": "#texture" },
        "north": { "uv": [ 15.625, 9.875, 15.5, 10 ], "texture": "#texture" },
        "south": { "uv": [ 8.125, 4, 8.25, 4.125 ], "texture": "#texture" },
        "west":  { "uv": [ 15.375, 9.8125, 16, 9.9375 ], "texture": "#texture" },
        "east":  { "uv": [ 15.875, 10.125, 15.25, 10.25 ], "texture": "#texture" }
    }
},
{
    "__comment": "PPBizon",
    "from": [ 8.125, 10.625, 21.125 ],
    "to": [ 8.25, 10.75, 21.25 ],
    "faces": {
        "up":    { "uv": [ 8.125, 15.125, 8.25, 15.25 ], "texture": "#texture" },
        "north": { "uv": [ 8.25, 5.25, 8.125, 5.375 ], "texture": "#texture" },
        "east":  { "uv": [ 15.25, 5.25, 15.125, 5.375 ], "texture": "#texture" }
    }
},
{
    "__comment": "PPBizon",
    "from": [ 8.125, 10, 21.25 ],
    "to": [ 8.25, 10.125, 21.375 ],
    "faces": {
        "down":  { "uv": [ 7.875, 15.375, 7.75, 15.25 ], "texture": "#texture" },
        "north": { "uv": [ 8.25, 5.875, 8.125, 6 ], "texture": "#texture" },
        "east":  { "uv": [ 15.375, 5.875, 15.25, 6 ], "texture": "#texture" }
    }
},
{
    "__comment": "PPBizon",
    "from": [ 8.25, 12, 20.125 ],
    "to": [ 8.375, 12.125, 20.75 ],
    "faces": {
        "down":  { "uv": [ 16, 13.875, 15.875, 13.25 ], "texture": "#texture" },
        "up":    { "uv": [ 15.625, 13, 15.75, 13.625 ], "texture": "#texture" },
        "north": { "uv": [ 8.375, 3.875, 8.25, 4 ], "texture": "#texture" },
        "south": { "uv": [ 8.25, 3.875, 8.375, 4 ], "texture": "#texture" },
        "west":  { "uv": [ 15.375, 10.5625, 16, 10.6875 ], "texture": "#texture" },
        "east":  { "uv": [ 16, 11.625, 15.375, 11.75 ], "texture": "#texture" }
    }
},
{
    "__comment": "PPBizon",
    "from": [ 8.25, 12.125, 20.125 ],
    "to": [ 8.375, 12.25, 20.625 ],
    "faces": {
        "up":    { "uv": [ 15.5625, 14, 15.6875, 14.5 ], "texture": "#texture" },
        "north": { "uv": [ 8.375, 3.75, 8.25, 3.875 ], "texture": "#texture" },
        "south": { "uv": [ 8.25, 3.75, 8.375, 3.875 ], "texture": "#texture" },
        "west":  { "uv": [ 15.5, 10.375, 16, 10.5 ], "texture": "#texture" },
        "east":  { "uv": [ 15.8125, 10.6875, 15.3125, 10.8125 ], "texture": "#texture" }
    }
},
{
    "__comment": "PPBizon",
    "from": [ 8.25, 10.125, 20.875 ],
    "to": [ 8.375, 10.25, 21 ],
    "faces": {
        "down":  { "uv": [ 7.75, 15, 7.625, 14.875 ], "texture": "#texture" },
        "north": { "uv": [ 8.375, 5.75, 8.25, 5.875 ], "texture": "#texture" },
        "east":  { "uv": [ 15, 5.75, 14.875, 5.875 ], "texture": "#texture" }
    }
},
{
    "__comment": "PPBizon",
    "from": [ 8.25, 10.5, 20.875 ],
    "to": [ 8.375, 10.625, 21 ],
    "faces": {
        "up":    { "uv": [ 8.25, 14.875, 8.375, 15 ], "texture": "#texture" },
        "north": { "uv": [ 8.375, 5.375, 8.25, 5.5 ], "texture": "#texture" },
        "east":  { "uv": [ 15, 5.375, 14.875, 5.5 ], "texture": "#texture" }
    }
},
{
    "__comment": "PPBizon",
    "from": [ 8.5, 7, 6.375 ],
    "to": [ 8.625, 7.125, 6.5 ],
    "faces": {
        "up":    { "uv": [ 8.5, 0.375, 8.625, 0.5 ], "texture": "#texture" },
        "north": { "uv": [ 8.625, 8.875, 8.5, 9 ], "texture": "#texture" },
        "east":  { "uv": [ 0.5, 8.875, 0.375, 9 ], "texture": "#texture" }
    }
},
{
    "__comment": "PPBizon",
    "from": [ 8.5, 7.375, 6.5 ],
    "to": [ 8.625, 7.5, 6.625 ],
    "faces": {
        "up":    { "uv": [ 8.5, 0.5, 8.625, 0.625 ], "texture": "#texture" },
        "north": { "uv": [ 8.625, 8.5, 8.5, 8.625 ], "texture": "#texture" },
        "east":  { "uv": [ 0.625, 8.5, 0.5, 8.625 ], "texture": "#texture" }
    }
},
{
    "__comment": "PPBizon",
    "from": [ 8.5, 6.125, 7.125 ],
    "to": [ 8.625, 6.25, 7.25 ],
    "faces": {
        "down":  { "uv": [ 7.5, 1.25, 7.375, 1.125 ], "texture": "#texture" },
        "south": { "uv": [ 8.5, 9.75, 8.625, 9.875 ], "texture": "#texture" },
        "east":  { "uv": [ 1.25, 9.75, 1.125, 9.875 ], "texture": "#texture" }
    }
},
{
    "__comment": "PPBizon",
    "from": [ 8.5, 6.5, 7.25 ],
    "to": [ 8.625, 6.625, 7.375 ],
    "faces": {
        "down":  { "uv": [ 7.5, 1.375, 7.375, 1.25 ], "texture": "#texture" },
        "south": { "uv": [ 8.5, 9.375, 8.625, 9.5 ], "texture": "#texture" },
        "east":  { "uv": [ 1.375, 9.375, 1.25, 9.5 ], "texture": "#texture" }
    }
},
{
    "__comment": "PPBizon",
    "from": [ 8.5, 8.25, 7.875 ],
    "to": [ 8.625, 8.375, 8 ],
    "faces": {
        "down":  { "uv": [ 7.5, 2, 7.375, 1.875 ], "texture": "#texture" },
        "south": { "uv": [ 8.5, 7.625, 8.625, 7.75 ], "texture": "#texture" },
        "east":  { "uv": [ 2, 7.625, 1.875, 7.75 ], "texture": "#texture" }
    }
},
{
    "__comment": "PPBizon",
    "from": [ 8.5, 8.375, 8 ],
    "to": [ 8.625, 8.5, 8.125 ],
    "faces": {
        "down":  { "uv": [ 7.5, 2.125, 7.375, 2 ], "texture": "#texture" },
        "south": { "uv": [ 8.5, 7.5, 8.625, 7.625 ], "texture": "#texture" },
        "east":  { "uv": [ 2.125, 7.5, 2, 7.625 ], "texture": "#texture" }
    }
},
{
    "__comment": "PPBizon",
    "from": [ 8.5, 11.25, 15.625 ],
    "to": [ 8.625, 11.375, 15.75 ],
    "faces": {
        "up":    { "uv": [ 8.5, 9.625, 8.625, 9.75 ], "texture": "#texture" },
        "south": { "uv": [ 8.5, 4.625, 8.625, 4.75 ], "texture": "#texture" },
        "east":  { "uv": [ 9.75, 4.625, 9.625, 4.75 ], "texture": "#texture" }
    }
},
{
    "__comment": "PPBizon",
    "from": [ 8.5, 10, 15.875 ],
    "to": [ 8.625, 11.25, 16 ],
    "faces": {
        "down":  { "uv": [ 7.5, 10, 7.375, 9.875 ], "texture": "#texture" },
        "up":    { "uv": [ 8.5, 9.875, 8.625, 10 ], "texture": "#texture" },
        "north": { "uv": [ 8.625, 4.75, 8.5, 6 ], "texture": "#texture" },
        "south": { "uv": [ 8.5, 4.75, 8.625, 6 ], "texture": "#texture" },
        "east":  { "uv": [ 10, 4.75, 9.875, 6 ], "texture": "#texture" }
    }
},
{
    "__comment": "PPBizon",
    "from": [ 8.75, 8.5, 12 ],
    "to": [ 8.875, 8.625, 19.125 ],
    "faces": {
        "down":  { "uv": [ 7.25, 13.125, 7.125, 6 ], "texture": "#texture" },
        "east":  { "uv": [ 13.125, 7.375, 6, 7.5 ], "texture": "#texture" }
    }
},
{
    "__comment": "PPBizon*",
    "from": [ 7.75, 12.125, 20.125 ],
    "to": [ 7.875, 12.25, 20.625 ],
    "faces": {
        "up":    { "uv": [ 15.875, 12.5, 16, 13 ], "texture": "#texture" },
        "north": { "uv": [ 7.875, 3.75, 7.75, 3.875 ], "texture": "#texture" },
        "south": { "uv": [ 7.75, 3.75, 7.875, 3.875 ], "texture": "#texture" },
        "west":  { "uv": [ 15.5, 10.375, 16, 10.5 ], "texture": "#texture" },
        "east":  { "uv": [ 16, 12.4375, 15.5, 12.5625 ], "texture": "#texture" }
    }
},
{
    "__comment": "PPBizon*",
    "from": [ 7.75, 8.0625, 8.75 ],
    "to": [ 8.375, 8.1875, 8.875 ],
    "faces": {
        "down":  { "uv": [ 2.875, 12.375, 2.25, 12.25 ], "texture": "#texture" },
        "up":    { "uv": [ 2.125, 12.5, 2.75, 12.625 ], "texture": "#texture" },
        "north": { "uv": [ 8.375, 7.8125, 7.75, 7.9375 ], "texture": "#texture" },
        "south": { "uv": [ 7.75, 7.8125, 8.375, 7.9375 ], "texture": "#texture" },
        "west":  { "uv": [ 2.75, 7.8125, 2.875, 7.9375 ], "texture": "#texture" },
        "east":  { "uv": [ 2.875, 7.8125, 2.75, 7.9375 ], "texture": "#texture" }
    }
},
{
    "__comment": "PPBizon*",
    "from": [ 7.75, 8.25, 8.5625 ],
    "to": [ 8.375, 8.375, 8.6875 ],
    "faces": {
        "down":  { "uv": [ 2.5625, 11.9375, 1.9375, 11.8125 ], "texture": "#texture" },
        "up":    { "uv": [ 1.9375, 12.5625, 2.5625, 12.6875 ], "texture": "#texture" },
        "north": { "uv": [ 2.9375, 11.875, 2.3125, 12 ], "texture": "#texture" },
        "south": { "uv": [ 2.5, 11.5625, 3.125, 11.6875 ], "texture": "#texture" },
        "west":  { "uv": [ 2.5625, 7.625, 2.6875, 7.75 ], "texture": "#texture" },
        "east":  { "uv": [ 2.6875, 7.625, 2.5625, 7.75 ], "texture": "#texture" }
    }
},
{
    "__comment": "PPBizon*",
    "from": [ 7.75, 8.0625, 10.125 ],
    "to": [ 8.375, 8.1875, 10.25 ],
    "faces": {
        "down":  { "uv": [ 2.875, 12.125, 2.25, 12 ], "texture": "#texture" },
        "up":    { "uv": [ 1.9375, 12.3125, 2.5625, 12.4375 ], "texture": "#texture" },
        "north": { "uv": [ 2.8125, 11.625, 2.1875, 11.75 ], "texture": "#texture" },
        "south": { "uv": [ 10.5625, 11.8125, 11.1875, 11.9375 ], "texture": "#texture" },
        "west":  { "uv": [ 4.125, 7.8125, 4.25, 7.9375 ], "texture": "#texture" },
        "east":  { "uv": [ 4.25, 7.8125, 4.125, 7.9375 ], "texture": "#texture" }
    }
}
],
"display": {
    "thirdperson_righthand": {
        "rotation": [ 0, 180, 0 ],
        "translation": [ 0, -1, 1 ],
        "scale": [ 0.8, 0.8, 0.8 ]
    },
    "ground": {
        "rotation": [ 0, 0, 0 ],
        "translation": [ 0, 2, 0 ],
        "scale": [ 0.7, 0.7, 0.7 ]
    },
    "firstperson_righthand": {
        "rotation": [ 0, 180, 0 ],
        "translation": [ 0, 2, 0 ],
        "scale": [ 0.7, 0.8, 0.8 ]
    },
    "gui": {
        "rotation": [ -90, -50, -90 ],
        "translation": [ 0, -2, 0 ],
        "scale": [ 1, 1, 1 ]
    }
}
}